설립구분명,시설명,전화번호,소재지지번주소,소재지도로명주소,소재지우편번호,WGS84위도,WGS84경도
공립,회천중학교,031-864-9460,경기도 양주시 고암동 122-2번지,경기도 양주시 고암길 77,11455,37.8326123962,127.0708817627
공립,시화중학교,070-7097-0700,경기도 시흥시 정왕동 1552번지,경기도 시흥시 큰솔로52번길 23,15051,37.3410170657,126.7561680371
공립,감정중학교,031-984-7457,경기도 김포시 감정동 595번지,경기도 김포시 감정로 25,10105,37.6211111011,126.7009664176
공립,가평중학교,031-580-3000,경기도 가평군 가평읍 대곡리 273번지,경기도 가평군 가평읍 광장로 10,12417,37.8277604467,127.5104656699
공립,가평북중학교,031-581-0618,경기도 가평군 북면 이곡리 13-45번지,경기도 가평군 북면 석장모루길 13,12407,37.8793061516,127.5481231897
공립,설악중학교,031-584-7779,경기도 가평군 설악면 신천리 72번지,경기도 가평군 설악면 한양부로 21-1,12465,37.6820521503,127.4943294917
공립,일죽중학교,031-8046-6230,경기도 안성시 일죽면 송천리 243-1번지,경기도 안성시 일죽면 서동대로 7446,17529,37.0914715397,127.4733766840
공립,과천문원중학교,02-507-4901,경기도 과천시 별양동 40번지,경기도 과천시 코오롱로 57,13834,37.4233665631,126.9952793852
공립,과천중학교,02-502-2940,경기도 과천시 중앙동 12번지,경기도 과천시 희망4길 33,13805,37.4331929911,126.9893356907
공립,인덕원중학교,031-349-3267,경기도 안양시 동안구 관양동 1482번지,경기도 안양시 동안구 벌말로 174,13950,37.4022423027,126.9714114680
공립,귀인중학교,"031-478-2800,2826",경기도 안양시 동안구 평촌동 914번지,경기도 안양시 동안구 귀인로190번길 114,14103,37.3840434331,126.9633723013
사립,근명중학교,031-446-1205,경기도 안양시 만안구 안양동 708-197번지,경기도 안양시 만안구 삼덕로 49,14028,37.3935374857,126.9200132758
공립,대안여자중학교,031-453-1997,경기도 안양시 동안구 호계동 1231번지,경기도 안양시 동안구 흥안대로223번길 46,14106,37.3771557651,126.9651043151
공립,범계중학교,031-383-0234,경기도 안양시 동안구 호계동 1054-5번지,경기도 안양시 동안구 동안로 56,14076,37.3847186220,126.9553021379
공립,부림중학교,031-381-2726,경기도 안양시 동안구 관양동 1586-1번지,경기도 안양시 동안구 달안로 95,14049,37.3980764565,126.9532396224
공립,부안중학교,031-387-4033,경기도 안양시 동안구 관양동 1588-5번지,경기도 안양시 동안구 달안로 170,14051,37.3990930606,126.9606664306
공립,신기중학교,031-459-4026,경기도 안양시 동안구 호계동 1075-1번지,경기도 안양시 동안구 경수대로610번길 57,14108,37.3790384090,126.9588899016
사립,신성중학교,031-469-2173,경기도 안양시 만안구 안양동 587-68번지,경기도 안양시 만안구 소곡로 93,14090,37.3844853432,126.9195295055
공립,신안중학교,031-443-2513,경기도 안양시 만안구 안양동 728번지,경기도 안양시 만안구 능곡로 78,14022,37.3881126551,126.9148134935
공립,조종중학교,031-585-1126,경기도 가평군 조종면 현리 438번지,경기도 가평군 조종면 연등윗길 22,12438,37.8145202937,127.3469631944
공립,청평중학교,031-584-2390,경기도 가평군 청평면 청평리 288번지,경기도 가평군 청평면 골안길 7,12451,37.7434164716,127.4221928021
공립,고양중학교,02-350-1115,경기도 고양시 덕양구 삼송동 322번지,경기도 고양시 덕양구 동세로 82,10589,37.6496842119,126.8845745402
공립,능곡중학교,031-974-7006,경기도 고양시 덕양구 토당동 394번지,경기도 고양시 덕양구 행당로11번길 48,10515,37.6229046998,126.8266400561
공립,대화중학교,031-914-0524,경기도 고양시 일산서구 대화동 2230번지,경기도 고양시 일산서구 고양대로 348,10382,37.6738547857,126.7444780322
공립,무원중학교,031-974-9995,경기도 고양시 덕양구 행신동 695번지,경기도 고양시 덕양구 무원로 45,10521,37.6176994179,126.8305849006
공립,발산중학교,031-910-9999,경기도 고양시 일산서구 주엽동 56번지,경기도 고양시 일산서구 고봉로 99,10361,37.6698312655,126.7696573336
공립,백마중학교,031-902-2813,경기도 고양시 일산동구 마두동 733번지,경기도 고양시 일산동구 강촌로 189,10417,37.6551216940,126.7933365399
공립,백신중학교,031-901-1743,경기도 고양시 일산동구 마두동 788번지,경기도 고양시 일산동구 강촌로 89,10415,37.6513380147,126.7831925047
공립,백양중학교,031-971-4004,경기도 고양시 덕양구 화정동 992번지,경기도 고양시 덕양구 화신로 236,10499,37.6313310759,126.8359932279
사립,고양제일중학교,031-969-8072,경기도 고양시 덕양구 관산동 332번지,경기도 고양시 덕양구 통일로 820,10286,37.6906870403,126.8611203894
공립,신능중학교,031-930-2823,경기도 고양시 덕양구 충장로 ,,,,
공립,신일중학교,031-912-4052,경기도 고양시 일산서구 일산동 1096번지,경기도 고양시 일산서구 고봉로 177,10356,37.6766186999,126.7741154703
공립,오마중학교,031-606-9113-5,경기도 고양시 일산서구 주엽동 4번지,경기도 고양시 일산서구 주엽로 213,10371,37.6776943194,126.7615400720
공립,원당중학교,031-960-1910,경기도 고양시 덕양구 주교동 527-5번지,경기도 고양시 덕양구 마상로 1,10296,37.6647058884,126.8230652228
공립,안양부흥중학교,031-381-0168,경기도 안양시 동안구 비산동 1102-1번지,경기도 안양시 동안구 달안로 25,14044,37.3940921767,126.9454507553
공립,안양서중학교,031-447-1147,경기도 안양시 만안구 안양동 1055-3번지,경기도 안양시 만안구 창박로 26,14025,37.3859331073,126.9043362940
공립,안양중학교,031-472-9722,경기도 안양시 만안구 석수동 752번지,경기도 안양시 만안구 와룡로 53,13972,37.4092940198,126.8967161928
공립,연현중학교,031-474-1184,경기도 안양시 만안구 석수동 442-5번지,경기도 안양시 만안구 석수로 462,13903,37.4293364555,126.8994827838
공립,호계중학교,031-390-1616,경기도 안양시 동안구 호계동 315-5번지,경기도 안양시 동안구 경수대로665번길 74-23,14082,37.3783744869,126.9517336055
공립,강하중학교,031-772-4067,경기도 양평군 강하면 왕창리 44-1번지,경기도 양평군 강하면 왕창부로길 74-3,12574,37.4825354788,127.4050680467
사립,개군중학교,031-772-8005,경기도 양평군 개군면 부리 453-1번지,경기도 양평군 개군면 추읍로 15,12569,37.4285836608,127.5397969480
공립,국수중학교,031-5175-0902,경기도 양평군 양서면 국수리 330-12번지,경기도 양평군 양서면 대심상심길 13,12582,37.5100958868,127.4009371211
사립,단월중학교,031-773-0263,경기도 양평군 단월면 보룡리 395-13번지,경기도 양평군 단월면 보룡길 83,12529,37.5410723938,127.6725007287
사립,서종중학교,031-773-6032,경기도 양평군 서종면 문호리 687-2번지,경기도 양평군 서종면 북한강로 854,12502,37.6136000206,127.3507864119
사립,양동중학교,031-773-1032,경기도 양평군 양동면 쌍학리 218-1번지,경기도 양평군 양동면 학둔지윗길 47-7,12539,37.4206520970,127.7557084387
사립,양일중학교,031-772-2405,경기도 양평군 양평읍 양근리 148번지,경기도 양평군 양평읍 관문2길 9,12552,37.4943723497,127.4934839509
공립,양평중학교,031-772-2939,경기도 양평군 양평읍 공흥리 714-7번지,경기도 양평군 양평읍 양평중학교길 29,12551,37.4985999067,127.4971264586
사립,용문중학교,031-773-3535,경기도 양평군 용문면 마룡리 663-2번지,경기도 양평군 용문면 용문로 437,12515,37.4918704537,127.5988352445
공립,고림중학교,031-334-9163,경기도 용인시 처인구 고림동 750번지,경기도 용인시 처인구 고림로74번길 30,17151,37.2404506556,127.2184515494
공립,상촌중학교,031-294-6721,경기도 수원시 권선구 금곡동 497-1번지,경기도 수원시 권선구 금곡로73번길 60,16380,37.2761978892,126.9353415682
공립,기산중학교,031-898-7921,경기도 화성시 기산동 469번지,경기도 화성시 동탄지성로 286,18385,37.2191712664,127.0524247962
공립,어람중학교,031-575-0584,경기도 남양주시 오남읍 오남리 358-1번지,경기도 남양주시 오남읍 진건오남로550번길 35,12039,37.6820592540,127.2149196025
공립,잠원중학교,031-895-5004,경기도 수원시 영통구 망포동 223-1번지,경기도 수원시 영통구 태장로 25,16685,37.2392942398,127.0486529657
공립,보라중학교,031-8005-7800,경기도 용인시 기흥구 보라동 614번지,경기도 용인시 기흥구 한보라1로 63,17081,37.2495026642,127.1081736475
공립,솔뫼중학교,031-840-8612,경기도 의정부시 용현동 196번지,경기도 의정부시 시민로 464-14,11796,37.7307871330,127.0824666807
사립,중앙기독중학교,0707-018-1400,경기도 수원시 영통구 원천동 134-3번지,경기도 수원시 영통구 월드컵로 70,16517,37.2753482166,127.0577097055
공립,화성동화중학교,031-227-7566,경기도 화성시 봉담읍 동화리 631번지,경기도 화성시 봉담읍 동화역말길 12,18319,37.2138657736,126.9623033403
공립,고양송산중학교,031-910-1319,경기도 고양시 일산서구 가좌동 1100번지,경기도 고양시 일산서구 가좌2로 15,10210,37.6878597385,126.7220608693
공립,금촌중학교,031-940-2311,경기도 파주시 금릉동 449번지,경기도 파주시 쇠재1길 21,10934,37.7512764623,126.7788127099
공립,논곡중학교,070-7097-1390,경기도 시흥시 논곡동 160-45번지,경기도 시흥시 수인로2421번길 72,14984,37.3888682075,126.8572175818
공립,단원중학교,070-5202-2206,경기도 안산시 단원구 고잔동 431-4번지,경기도 안산시 단원구 단원로 27,15334,37.3278876293,126.8228028443
공립,두일중학교,031-940-6900,경기도 파주시 동패동 1744번지,경기도 파주시 책향기숲길 39,10885,37.7199185013,126.7124101770
공립,비룡중학교,031-678-9340,경기도 안성시 당왕동 536-1번지,경기도 안성시 남파로 116,17570,37.0157512667,127.2627638957
공립,서호중학교,031-293-5207,경기도 수원시 권선구 서둔동 103-22번지,경기도 수원시 권선구 서호로 71,16614,37.2663231313,126.9878594088
공립,석수중학교,070-4322-0975,경기도 안산시 단원구 선부동 646-1번지,경기도 안산시 단원구 선부로 133,15211,37.3429165481,126.8092896537
공립,용천중학교,031-323-6214,경기도 용인시 처인구 이동읍 천리 1132번지,경기도 용인시 처인구 이동읍 백옥대로587번길 54,17129,37.1913352398,127.2009782579
공립,임곡중학교,031-8084-4100,경기도 안양시 동안구 비산동 511-129번지,경기도 안양시 동안구 임곡로 105,13916,37.4086014152,126.9315696291
공립,풍동중학교,031-811-2111,경기도 고양시 일산동구 풍동 1260번지,경기도 고양시 일산동구 숲속마을1로 101,10306,37.6708242380,126.7996282988
공립,안산해양중학교,031-3621-300,경기도 안산시 상록구 사동 1512-3번지,경기도 안산시 상록구 해양로 11,15594,37.2948887201,126.8213274229
공립,안산부곡중학교,031-487-2235,경기도 안산시 상록구 부곡동 693번지,경기도 안산시 상록구 부곡로 15,15317,37.3240135751,126.8587297986
사립,안산중학교,031-482-7532,경기도 안산시 상록구 장상동 10번지,경기도 안산시 상록구 수인로 1981,15204,37.3603945750,126.8741505544
공립,양지중학교,031-489-9711,경기도 안산시 단원구 고잔동 781-2번지,경기도 안산시 단원구 안산천남로 119,15483,37.3047932539,126.8337297734
공립,연성중학교,031-317-3032,경기도 시흥시 하상동 370번지,경기도 시흥시 하상로 14-7,14977,37.3924622467,126.8134896936
공립,와동중학교,031-485-7617,경기도 안산시 단원구 와동 143번지,경기도 안산시 단원구 사세충열로 54,15255,37.3389201877,126.8306738839
공립,원곡중학교,031-599-9701,경기도 안산시 단원구 원곡동 936-1번지,경기도 안산시 단원구 원선로 81,15364,37.3310923797,126.8004014761
공립,원일중학교,031-487-7283,경기도 안산시 단원구 선부동 1062번지,경기도 안산시 단원구 석수로 32,15232,37.3391210459,126.8091663673
공립,장곡중학교,0314817499,경기도 시흥시 장곡동 826번지,경기도 시흥시 장곡로 10,15002,37.3798165355,126.7876599452
공립,중앙중학교,031-8042-2775,경기도 안산시 단원구 고잔동 673-2번지,경기도 안산시 단원구 안산천서로 65,15349,37.3225083825,126.8390925641
공립,함현중학교,031-433-0073,경기도 시흥시 정왕동 1877-4번지,경기도 시흥시 역전로 435,15019,37.3638073616,126.7369374304
공립,공도중학교,031-612-7270,경기도 안성시 공도읍 만정리 418-1번지,경기도 안성시 공도읍 공도로 115-12,17560,37.0022524091,127.1736222307
공립,서운중학교,031-672-9052,경기도 안성시 서운면 인리 67번지,경기도 안성시 서운면 바우덕이로 25,17607,36.9448733701,127.2640844617
공립,안성여자중학교,031-8052-1600,경기도 안성시 봉남동 360번지,경기도 안성시 중앙2길 111,17590,37.0083665722,127.2756905782
공립,안성중학교,031-673-2143,경기도 안성시 금산동 33-12번지,경기도 안성시 금산길 43,17587,37.0133144884,127.2704602538
공립,양성중학교,031-670-7900,경기도 안성시 양성면 동항리 415번지,경기도 안성시 양성면 양성로 51,17502,37.0631491364,127.1958017693
공립,오산원일중학교,"031-378-7311,7313",경기도 오산시 원동 360-8번지,경기도 오산시 오산로132번길 29,18143,37.1397865908,127.0725970914
공립,와우중학교,031-547-8200,경기도 화성시 봉담읍 동화리 238-63번지,경기도 화성시 봉담읍 동화역말길 55-40,18298,37.2191467049,126.9660079210
공립,푸른중학교,031-8015-8708,경기도 화성시 능동 1135번지,경기도 화성시 동탄공원로 21-24,18429,37.2023396668,127.0565809755
공립,향남중학교,031-8059-1014,경기도 화성시 향남읍 행정리 481번지,경기도 화성시 향남읍 행정동로 50,18601,37.1287376856,126.9277929930
공립,광릉중학교,031-570-5533,경기도 남양주시 진접읍 진벌리 611번지,경기도 남양주시 진접읍 진벌로 78-23,12021,37.7428597194,127.2135401883
공립,김포신곡중학교,031-985-1093,경기도 김포시 고촌읍 신곡리 836-3번지,경기도 김포시 고촌읍 수기로 54-20,10129,37.5993636259,126.7649997884
공립,안서중학교,02-6911-4200,경기도 광명시 소하동 883-13번지,경기도 광명시 기아로13번안길 9-9,14326,37.4384713723,126.8827815378
공립,철산중학교,02-2610-4510,경기도 광명시 철산동 558번지,경기도 광명시 철망산로 71,14243,37.4704334584,126.8758918329
공립,하안중학교,02-895-8505,경기도 광명시 하안동 25번지,경기도 광명시 안현로 80-1,14247,37.4673854861,126.8807684750
사립,경화여자중학교,031-799-0400,경기도 광주시 송정동 52-1번지,경기도 광주시 수하길11번길 43,12741,37.4201701325,127.2639238617
공립,광수중학교,031-768-3101,경기도 광주시 퇴촌면 도수리 585번지,경기도 광주시 퇴촌면 도수길23번길 23,12711,37.4736568756,127.3198055961
공립,광일중학교,031-762-5013,경기도 광주시 도척면 노곡리 241-2번지,경기도 광주시 도척면 노곡로 32,12815,37.3037535315,127.3308300306
공립,광주중학교,031-761-2255,경기도 광주시 경안동 45번지,경기도 광주시 경안로42번길 11,12761,37.4096496298,127.2543745976
공립,남한중학교,031-750-4600,경기도 하남시 신장동 367-5번지,경기도 하남시 하남대로802번길 21,12949,37.5427423644,127.2092702561
공립,동부중학교,031-790-9224,경기도 하남시 신평로,,,,
공립,신장중학교,031-794-8238,경기도 하남시 신장동 527-1번지,경기도 하남시 대청로59번길 37,12946,37.5430447835,127.2187665216
공립,탄벌중학교,031-767-2575,경기도 광주시 탄벌동 72-3번지,경기도 광주시 포돌이로 77,12749,37.4130887675,127.2439331225
공립,하남중학교,031-794-6126,경기도 하남시 창우동 521-5번지,경기도 하남시 천현로 113,12955,37.5364567489,127.2229566412
공립,갈뫼중학교,031-400-9004,경기도 의왕시 내손동 785번지,경기도 의왕시 갈미로 61,16041,37.3775057563,126.9748154727
공립,고천중학교,031-458-8624,경기도 의왕시 오전동 413번지,경기도 의왕시 백운로 25,16065,37.3523572636,126.9829848692
공립,연천중학교,031-834-1428,경기도 연천군 연천읍 현가리 51-1번지,경기도 연천군 연천읍 연천로336번길 13,11013,38.1082203173,127.0766659121
공립,전곡중학교,031-832-2224,경기도 연천군 전곡읍 전곡리 396-1번지,경기도 연천군 전곡읍 전은길 21,11025,38.0343050876,127.0711890405
공립,청산중학교,031-835-3485,경기도 연천군 청산면 궁평리 550-1번지,경기도 연천군 청산면 아우라지길 13-32,11020,38.0348374997,127.1075024063
공립,구성중학교,031-289-0340,경기도 용인시 기흥구 마북동 543번지,경기도 용인시 기흥구 연원로42번길 48,16917,37.2999742153,127.1143999213
공립,나곡중학교,031-899-7902,경기도 용인시 기흥구 보라동 559번지,경기도 용인시 기흥구 사은로126번길 83,17079,37.2514034422,127.1245029352
사립,남사중학교,031-332-6007,경기도 용인시 처인구 남사읍 봉무리 435번지,경기도 용인시 처인구 남사읍 내기로 27,17118,37.1165548262,127.1487739943
공립,모현중학교,031-330-3529,경기도 용인시 처인구 모현읍 일산리 540번지,경기도 용인시 처인구 모현읍 문현로189번길 5,17032,37.3437900097,127.2315351337
사립,문정중학교,031-899-1300,경기도 용인시 수지구 풍덕천동 105번지,경기도 용인시 수지구 포은대로 455,16835,37.3227284304,127.0990691014
공립,상갈중학교,031-282-6056,경기도 용인시 기흥구 상갈동 460번지,경기도 용인시 기흥구 금화로82번길 7,17072,37.2664704111,127.1092135883
공립,상현중학교,031-266-7948,경기도 용인시 수지구 상현동 1098번지,경기도 용인시 수지구 광교마을로 61,16942,37.2994372450,127.0709958031
공립,서원중학교,031-8031-1400,경기도 용인시 수지구 상현동 834번지,경기도 용인시 수지구 상현로42번길 26-8,16939,37.3018693524,127.0805956652
공립,성복중학교,031-272-6255,경기도 용인시 수지구 성복동 104-2번지,경기도 용인시 수지구 성복2로78번길 51,16850,37.3197380864,127.0764333151
공립,소현중학교,031-270-6420,경기도 용인시 기흥구 보정동 1170번지,경기도 용인시 기흥구 만현로133번길 96,16930,37.3016177910,127.0937537688
공립,송전중학교,031-8097-2740,경기도 용인시 처인구 이동읍 송전리 692번지,경기도 용인시 처인구 이동읍 경기동로687번길 28-14,17136,37.1404408684,127.2007733483
공립,신길중학교,031-364-3220,경기도 안산시 단원구 신길동 1549번지,경기도 안산시 단원구 신길로 81,15401,37.3370649607,126.7877252326
공립,한빛중학교,031-950-6119,경기도 파주시 야당동 992번지,경기도 파주시 한빛로 56,10908,37.7146418920,126.7547858210
공립,매탄중학교,031-547-1442,경기도 수원시 영통구 매탄동 1353번지,경기도 수원시 영통구 효원로 337,16543,37.2607383817,127.0392662043
공립,운중중학교,031-270-7743,경기도 성남시 분당구 운중동 950번지,경기도 성남시 분당구 운중로 96,13465,37.3912708614,127.0736700865
공립,판교중학교,031-8016-5002,경기도 성남시 분당구 판교동 633번지,경기도 성남시 분당구 판교원로 193,13485,37.3872820477,127.0875873052
공립,가운중학교,031-566-3861,경기도 남양주시 다산동 678번지,경기도 남양주시 가운로2길 74,12267,37.5994402042,127.1566102331
공립,풍양중학교,031-574-9023,경기도 남양주시 진접읍 금곡리 969번지,경기도 남양주시 진접읍 해밀예당1로 109,12055,37.7188544902,127.1909960853
공립,덕풍중학교,031-796-5305,경기도 하남시 덕풍동 760번지,경기도 하남시 덕풍북로71번길 10,12930,37.5537228639,127.1992646286
공립,신양중학교,031-980-8411,경기도 김포시 양촌읍 양곡리 1251번지,경기도 김포시 양촌읍 양곡4로 243,10056,37.6590828943,126.6356423571
공립,용인한빛중학교,031-896-7250,경기도 용인시 수지구 동천동 925번지,경기도 용인시 수지구 동천로 177,16822,37.3372369737,127.0849033829
공립,마송중학교,031-983-6845,경기도 김포시 통진읍 마송리 509번지,경기도 김포시 통진읍 서암로 7,10031,37.6867367658,126.5950026619
공립,이호중학교,031-415-2757,경기도 안산시 상록구 본오동 1214번지,경기도 안산시 상록구 충장로 50,15573,37.2860036655,126.8573151927
공립,세마중학교,031-378-5007,경기도 오산시 세교동 625번지,경기도 오산시 수목원로 559-9,18107,37.1810751248,127.0422627381
공립,충현중학교,070-7525-7300,경기도 광명시 소하동 1388번지,경기도 광명시 서원로 42,14329,37.4303179674,126.8818086295
공립,군포중학교,031-412-3802,경기도 군포시 당동 735번지,경기도 군포시 금당로124번길 19,15838,37.3579627363,126.9449488359
공립,금정중학교,031-688-4100,경기도 군포시 금정동 870-5번지,경기도 군포시 오금로 114,15833,37.3566369405,126.9390529920
공립,도장중학교,031-5183-2300,경기도 군포시 산본동 1145-9번지,경기도 군포시 고산로 460,15866,37.3556590019,126.9268427146
공립,백운중학교,031-8040-7500,경기도 의왕시 포일동 170-1번지,경기도 의왕시 안양판교로 168,16013,37.3904874456,126.9896594084
공립,수리중학교,031-390-4201,경기도 군포시 산본동 1150번지,경기도 군포시 수리산로 139,15819,37.3612430374,126.9185341591
공립,용호중학교,031-398-4361,경기도 군포시 당동 883번지,경기도 군포시 용호2로54번길 14,15876,37.3430164408,126.9446411425
공립,의왕부곡중학교,031-461-3603,경기도 의왕시 월암동 431번지,경기도 의왕시 부곡중학길 61,16101,37.3148338912,126.9570820685
공립,솔빛중학교,031-5183-0005,경기도 화성시 반송동 136번지,경기도 화성시 동탄반석로 83,18443,37.1961956341,127.0722567658
공립,수주중학교,070-7013-2503,경기도 부천시 고강동 277-2번지,경기도 부천시 역곡로 524,14404,37.5313173788,126.8168253976
공립,원미중학교,070-7099-9551,경기도 부천시 원미동 13번지,경기도 부천시 원미로182번길 15,14561,37.4992513560,126.7944913396
공립,까치울중학교,032-242-6500,경기도 부천시 여월동 303번지,경기도 부천시 소사로 647,14485,37.5153268675,126.8013104255
공립,안곡중학교,031-830-2900,경기도 고양시 일산동구 중산동 1709번지,경기도 고양시 일산동구 하늘마을로 93,10310,37.6809778300,126.7868766308
공립,일산중학교,031-839-6900,경기도 고양시 일산서구 일산동 966-50번지,경기도 고양시 일산서구 원일로 53,10348,37.6889153661,126.7672585460
공립,장성중학교,031-929-1821,경기도 고양시 일산서구 대화동 2096번지,경기도 고양시 일산서구 대산로 254,10367,37.6813255093,126.7513541276
공립,저동중학교,031-915-1903,경기도 고양시 일산동구 정발산동 1192번지,경기도 고양시 일산동구 무궁화로 159,10359,37.6707382258,126.7778919881
공립,중산중학교,031-960-6301,경기도 고양시 일산동구 중산동 1575-2번지,경기도 고양시 일산동구 탄중로 361,10332,37.6914216829,126.7834987056
공립,지도중학교,031-830-8000,경기도 고양시 덕양구 화정동 1134번지,경기도 고양시 덕양구 성신로 46,10504,37.6270924837,126.8339797503
공립,한수중학교,031-929-4700,경기도 고양시 일산서구 주엽동 131번지,경기도 고양시 일산서구 주엽로 117,10384,37.6699095287,126.7562198623
공립,호곡중학교,031-929-2500,경기도 고양시 일산서구 탄현동 117-69번지,경기도 고양시 일산서구 탄현로 110,10249,37.7015768454,126.7683817462
공립,화수중학교,031-965-4385,경기도 고양시 덕양구 화정동 855번지,경기도 고양시 덕양구 화수로 47,10473,37.6452235238,126.8349174107
공립,화정중학교,031-930-1900,경기도 고양시 덕양구 화정동 941번지,경기도 고양시 덕양구 화신로 343,10501,37.6349094862,126.8264750686
공립,가림중학교,02-6917-0200,경기도 광명시 하안동 261번지,경기도 광명시 오리로 616,14309,37.4575552323,126.8797301555
공립,광남중학교,02-2617-6071,경기도 광명시 광명동 384-6번지,경기도 광명시 광명로 785,14296,37.4700820277,126.8475436112
공립,광명북중학교,02-2687-3801,경기도 광명시 철산동 59번지,경기도 광명시 시청로 121,14225,37.4876528806,126.8663940361
공립,하안북중학교,02-898-3820,경기도 광명시 하안동 684번지,경기도 광명시 가림로 22,14258,37.4649030296,126.8681465840
공립,광명중학교,02-2684-3669,경기도 광명시 철산동 234-3번지,경기도 광명시 오리로876번길 27,14234,37.4784293023,126.8675689978
공립,소하중학교,02-895-8385,경기도 광명시 소하동 1329번지,경기도 광명시 소하일로 31,14317,37.4481941356,126.8874160623
공립,청운중학교,031-773-9068,경기도 양평군 청운면 용두리 690-4번지,경기도 양평군 청운면 청운로 28,12530,37.5533396654,127.7114410955
공립,강천중학교,031-883-1902,경기도 여주시 강천면 간매리 268-1번지,경기도 여주시 강천면 강문로 594,12616,37.2708818920,127.7124533100
사립,대신중학교,031-883-3881,경기도 여주시 대신면 후포리 258-1번지,경기도 여주시 대신면 여양로 1196,12611,37.3635332357,127.6081188860
사립,세정중학교,031-882-4700,경기도 여주시 세종대왕면 매류리 376-6번지,경기도 여주시 세종대왕면 양화로 697,12641,37.2803036050,127.5639831407
사립,여강중학교,031-884-1470,경기도 여주시 북내면 신접리 200번지,경기도 여주시 북내면 여강로 337-8,12614,37.3294399296,127.6834954453
사립,여주제일중학교,031-882-3303,경기도 여주시 가남읍 심석리 350-1번지,경기도 여주시 가남읍 여주남로 1155-15,12661,37.2051757016,127.5555127450
공립,여주중학교,031-880-8993,경기도 여주시 세종대왕면 왕대리 973번지,경기도 여주시 세종대왕면 농도원1길 78,12643,37.2967907508,127.6209535771
공립,이포중학교,031-882-9526,경기도 여주시 흥천면 계신리 468번지,경기도 여주시 흥천면 이여로 1075,12604,37.3763901551,127.5168294240
공립,점동중학교,031-882-6706,경기도 여주시 점동면 청안리 121번지,경기도 여주시 점동면 청안로 152,12667,37.2059325485,127.6632603774
사립,창명여자중학교,031-882-9195,경기도 여주시 대신면 율촌리 271번지,경기도 여주시 대신면 여양로 1416,12610,37.3754832213,127.5893980383
공립,흥천중학교,031-881-2302,경기도 여주시 흥천면 효지리 163-1번지,경기도 여주시 흥천면 흥천로 308-27,12607,37.3273788076,127.5555122212
공립,군남중학교,031-833-8260,경기도 연천군 군남면 진상리 704-1번지,경기도 연천군 군남면 진상17길 46,11007,38.0673908263,127.0154883092
공립,대광중학교,031-834-8438,경기도 연천군 신서면 도신리 245-1번지,경기도 연천군 신서면 연신로 1127-1,11000,38.1830259643,127.1053955704
공립,청덕중학교,031-282-6214,경기도 용인시 기흥구 청덕동 523번지,경기도 용인시 기흥구 구성1로 23,16914,37.2932107561,127.1451338122
공립,고창중학교,031-8048-6643,경기도 김포시 장기동 1594번지,경기도 김포시 초당로 15,10088,37.6418290261,126.6704243175
공립,시흥능곡중학교,070-7096-7189,경기도 시흥시 능곡동 791번지,경기도 시흥시 능곡로 117,14995,37.3650413533,126.8148237275
공립,시흥매화중학교,031-316-8712,경기도 시흥시 매화동 269번지,경기도 시흥시 매화로 71,14941,37.4131443738,126.8158774215
공립,모락중학교,031-477-7091,경기도 의왕시 오전동 11-4번지,경기도 의왕시 모락로 110,16047,37.3680459035,126.9677777982
공립,은계중학교,070-7097-0471,경기도 시흥시 대야동 642-244번지,경기도 시흥시 대은로111번길 10,15120,37.4471332458,126.8002380366
공립,샛별중학교,031-778-7302,경기도 성남시 분당구 수내동 164-3번지,경기도 성남시 분당구 불정로 288,13601,37.3681504127,127.1298623129
공립,수진중학교,031-697-4107,경기도 성남시 수정구 수진동 4674번지,경기도 성남시 수정구 모란로 55,13312,37.4371130932,127.1236335884
공립,능동중학교,031-8003-7842,경기도 화성시 능동 1082번지,경기도 화성시 동탄원천로 289-17,18433,37.2122370921,127.0614256380
사립,태성중학교,031-323-5312,경기도 용인시 처인구 남동 28번지,경기도 용인시 처인구 백옥대로 1059-2,17063,37.2291812187,127.2101966272
공립,포곡중학교,031-334-6222,경기도 용인시 처인구 포곡읍 전대리 159-4번지,경기도 용인시 처인구 포곡읍 석성로 1176,17023,37.2797226237,127.2213961640
공립,홍천중학교,031-260-8888,경기도 용인시 수지구 신봉동 28-1번지,경기도 용인시 수지구 신봉1로71번길 36,16810,37.3210275698,127.0765728032
사립,경민여자중학교,031-828-7881,경기도 의정부시 가능동 562-1번지,경기도 의정부시 서부로 545,11618,37.7468240687,127.0236699068
사립,경민중학교,031-828-7861,경기도 의정부시 가능동 562-1번지,경기도 의정부시 서부로 545,11618,37.7468240687,127.0236699068
공립,금오중학교,031-847-8201,경기도 의정부시 금오동 341-1번지,경기도 의정부시 금신로 380,11759,37.7499668127,127.0576243334
공립,민락중학교,031-850-7916,경기도 의정부시 민락동 692-10번지,경기도 의정부시 오목로 151,11805,37.7408921666,127.0957347989
공립,발곡중학교,031-826-7525,경기도 의정부시 신곡동 724-3번지,경기도 의정부시 회룡로 185,11733,37.7274301685,127.0542859634
공립,흥덕중학교,031-206-1328,경기도 용인시 기흥구 영덕동 959번지,경기도 용인시 기흥구 흥덕중앙로105번길 10,16951,37.2768075370,127.0797195578
공립,별가람중학교,031-524-9403,경기도 남양주시 별내3로 ,,,,
공립,문시중학교,031-378-6453,경기도 오산시 금암동 519번지,경기도 오산시 여계산로 52-24,18109,37.1744325279,127.0471578846
공립,삼평중학교,031-8016-1012,경기도 성남시 분당구 삼평동 727번지,경기도 성남시 분당구 대왕판교로644번길 77,13492,37.4005285950,127.1159303111
공립,덕이중학교,031-913-7861,경기도 고양시 일산서구 하이파크3로,,,,
공립,상하중학교,031-548-6300,경기도 용인시 기흥구 상하동 672번지,경기도 용인시 기흥구 중부대로746번길 16-29,17077,37.2615341135,127.1357077498
공립,호원중학교,031-829-0742,경기도 의정부시 호원동 284-5번지,경기도 의정부시 호암로 205,11639,37.7193084777,127.0446559217
공립,회룡중학교,031-878-2234~6,경기도 의정부시 호원동 274-25번지,경기도 의정부시 안말로 45,11642,37.7153845122,127.0438289827
공립,효자중학교,031-852-4136,경기도 의정부시 신곡동 768-2번지,경기도 의정부시 부용로185번길 15,11771,37.7521842291,127.0773176707
공립,이천경남중학교,031-641-6038,경기도 이천시 설성면 금당리 175번지,경기도 이천시 설성면 설성로15번길 26,17411,37.1360665474,127.5189040110
공립,대월중학교,031-632-1006,경기도 이천시 대월면 초지리 306-3번지,경기도 이천시 대월면 대평로150번길 20,17343,37.2244335089,127.4914557069
공립,모가중학교,031-632-3016,경기도 이천시 모가면 진가리 227-1번지,경기도 이천시 모가면 진상미로1385번길 114,17408,37.1766018842,127.4733806368
공립,백사중학교,031-634-6442,경기도 이천시 백사면 신대리 20-1번지,경기도 이천시 백사면 이여로 309,17310,37.3237202860,127.4739270437
공립,부발중학교,031-631-9352,경기도 이천시 부발읍 무촌리 58-1번지,경기도 이천시 부발읍 죽당로 21,17321,37.2853054929,127.4941450525
공립,청옥중학교,031-686-6341,경기도 평택시 청북읍 옥길리 1126번지,경기도 평택시 청북읍 안청로1길 11,17809,37.0147453960,126.9151034195
공립,초월중학교,031-799-4700,경기도 광주시 초월읍 쌍동리 149-1번지,경기도 광주시 초월읍 도곡길21번길 28,12736,37.3670875708,127.3031995959
공립,운양중학교,031-5186-8700,경기도 김포시 장기동 2000-2번지,경기도 김포시 김포한강2로24번길 50,10079,37.6450081806,126.6764986013
공립,한숲중학교,031-280-2300,경기도 용인시 처인구 남사읍 완장리 950번지,경기도 용인시 처인구 남사읍 한숲로 109,17117,37.1577734789,127.1728647844
공립,하늘빛중학교,031-986-3168,경기도 김포시 운양동 1295-4번지,경기도 김포시 김포한강11로 354,10073,37.6549017920,126.6877826780
공립,옥빛중학교,031-894-0899,경기도 양주시 옥정동 1082번지,경기도 양주시 옥정동로3길 57,11476,37.8145838350,127.0956968510
공립,위례중앙중학교,031-759-8681,경기도 성남시 수정구 창곡동 503번지,경기도 성남시 수정구 위례순환로 91,13639,37.4718702444,127.1381839404
공립,위례한빛중학교,031-5171-0600,경기도 성남시 수정구 창곡동 568번지,경기도 성남시 수정구 위례동로 85,13645,37.4680081978,127.1487421765
공립,배곧중학교,031-8099-9920,경기도 시흥시 배곧동 148번지,경기도 시흥시 배곧4로 72,15010,37.3749451511,126.7308950470
공립,시흥가온중학교,031-365-8200,경기도 시흥시 장현동 594번지,경기도 시흥시 장현순환로 100,14996,37.3735983271,126.7953875466
공립,하길중학교,031-8077-2305,경기도 화성시 향남읍 하길리 1510번지,경기도 화성시 향남읍 상신하길로274번길 10,18611,37.1122841189,126.9088501886
공립,산들중학교,031-930-6794,경기도 파주시 목동동 918번지,경기도 파주시 교하로 43,10872,37.7307834504,126.7321658813
공립,운정중학교,031-770-0800,경기도 파주시 야당동 1032번지,경기도 파주시 와석순환로 35-33,10906,37.7079598609,126.7556922520
공립,덕장중학교,031-421-2102,경기도 의왕시 청계동 973번지,경기도 의왕시 덕장로 55,16007,37.3932307235,126.9988142219
사립,심석중학교,031-593-4919,경기도 남양주시 화도읍 마석우리 215-9번지,경기도 남양주시 화도읍 마석로 62,12176,37.6560257329,127.3068836368
공립,오남중학교,031-574-1987,경기도 남양주시 오남읍 양지리 49번지,경기도 남양주시 오남읍 진건오남로808번길 34,12036,37.7014066550,127.2058497411
사립,연세중학교,031-576-9860,경기도 남양주시 조안면 송촌리 760번지,경기도 남양주시 조안면 북한강로 545,12280,37.5685284832,127.3219326530
공립,인창중학교,031-552-9983,경기도 구리시 인창동 669-2번지,경기도 구리시 건원대로34번길 118,11922,37.6065036303,127.1463925035
공립,장자중학교,031-556-6232,경기도 구리시 교문동 823번지,경기도 구리시 장자호수길 45,11949,37.5858825406,127.1351183517
공립,토평중학교,031-556-6195,경기도 구리시 토평동 963번지,경기도 구리시 장자대로111번길 61,11947,37.5900655993,127.1442388594
공립,퇴계원중학교,031-570-1406,경기도 남양주시 퇴계원읍 퇴계원리 283-1번지,경기도 남양주시 퇴계원읍 퇴계원로 49-8,12120,37.6523309135,127.1414253193
공립,호평중학교,031-591-9158,경기도 남양주시 호평동 667번지,경기도 남양주시 호평로 76-7,12151,37.6560073318,127.2492005479
공립,화광중학교,031-594-1736,경기도 남양주시 화도읍 월산리 99번지,경기도 남양주시 화도읍 경춘로 2226,12190,37.6527604157,127.3349501992
공립,고암중학교,031-859-2253,경기도 양주시 덕정동 210번지,경기도 양주시 고암길 305-18,11456,37.8343774270,127.0679963770
사립,남문중학교,031-863-3837,경기도 양주시 남면 신산리 186-2번지,경기도 양주시 남면 개나리18길 1,11404,37.8972023738,126.9798569711
공립,덕정중학교,031-858-1075,경기도 양주시 덕정동 151-10번지,경기도 양주시 화합로 1397,11450,37.8424904152,127.0634369459
사립,동두천여자중학교,031-860-7400,경기도 동두천시 생연동 산43-1번지,경기도 동두천시 평화로2452번길 31,11314,37.9066714091,127.0608056916
사립,동두천중학교,031-860-1400,경기도 동두천시 생연동 451번지,경기도 동두천시 평화로2434번길 8,11314,37.9047278365,127.0592588569
공립,이천송정중학교,031-631-8300,경기도 이천시 송정동 375-31번지,경기도 이천시 영창로45번길 139,17344,37.2934805330,127.4332528355
사립,이천양정여자중학교,031-633-7804,경기도 이천시 관고동 77번지,경기도 이천시 영창로 119,17354,37.2846758280,127.4368254627
공립,이천중학교,031-634-7582,경기도 이천시 안흥동 148번지,경기도 이천시 애련정로 50,17361,37.2793392679,127.4561644868
공립,효양중학교,031-645-5002,경기도 이천시 부발읍 산촌리 533-2번지,경기도 이천시 부발읍 대산로545번길 18,17322,37.2657709308,127.4821351196
사립,광탄중학교,031-956-0010,경기도 파주시 광탄면 신산리 227-69번지,경기도 파주시 광탄면 혜음로 1128,10948,37.7819417905,126.8473215655
공립,교하중학교,"031-8071-9600,9601",경기도 파주시 동패동 1706번지,경기도 파주시 책향기로 194,10874,37.7227504408,126.7208223677
사립,문산동중학교,031-952-2645,경기도 파주시 문산읍 당동리 140번지,경기도 파주시 문산읍 독산로31번길 39,10821,37.8592277632,126.7806723128
공립,문산북중학교,031-950-9661,경기도 파주시 문산읍 당동리 149번지,경기도 파주시 문산읍 당동1로 22,10819,37.8629563873,126.7758158191
사립,문산수억중학교,031-952-2401,경기도 파주시 파주읍 봉서리 1번지,경기도 파주시 파주읍 우계로 357,10836,37.8520318841,126.8025552210
공립,문산중학교,031-943-2645,경기도 파주시 야동동 361번지,경기도 파주시 평화로 190,10849,37.7726110550,126.7628906695
공립,봉일천중학교,031-9565-900,경기도 파주시 조리읍 봉일천리 257번지,경기도 파주시 조리읍 두루봉로 47,10938,37.7483543825,126.8132118153
사립,삼광중학교,031-958-5889,경기도 파주시 적성면 식현리 284번지,경기도 파주시 적성면 청송로 701,10801,37.9455704160,126.8854950764
공립,어유중학교,031-958-4372,경기도 파주시 적성면 어유지리 306번지,경기도 파주시 적성면 율곡로 2875,10804,37.9939205454,126.9882629890
공립,지산중학교,031-950-3400,경기도 파주시 와동동 1356-1번지,경기도 파주시 미래로 532,10894,37.7247665872,126.7524035688
공립,동패중학교,031-8071-8175,경기도 파주시 동패동 1765번지,경기도 파주시 교하로 381,10905,37.7085451505,126.7358782640
공립,부곡중앙중학교,031-462-7671,경기도 군포시 부곡동 1095번지,경기도 군포시 송부로 241,15881,37.3235981003,126.9383618617
공립,신백현중학교,031-8017-0392,경기도 성남시 분당구 백현동 566번지,경기도 성남시 분당구 판교역로50번길 19,13536,37.3862951840,127.1102192139
공립,이천사동중학교,031-637-6269,경기도 이천시 대월면 사동리 519번지,경기도 이천시 대월면 경충대로2050번길 68-13,17335,37.2481137294,127.4966060383
공립,일산양일중학교,031-960-1510,경기도 고양시 일산동구 식사동 1554번지,경기도 고양시 일산동구 위시티3로 47,10323,37.6767759216,126.8154824639
공립,서천중학교,031-273-6407,경기도 용인시 기흥구 서천동 796번지,경기도 용인시 기흥구 서천동로 7,17106,37.2399991309,127.0759666892
공립,선유중학교,031-956-8410,경기도 파주시 문산읍 선유리 1395번지,경기도 파주시 문산읍 독서울1길 37,10812,37.8669281104,126.8021874530
공립,성서중학교,031-8008-1500,경기도 용인시 수지구 성복동 769번지,경기도 용인시 수지구 성복1로 137,16855,37.3151962900,127.0643493002
공립,예당중학교,031-8053-8388,경기도 화성시 석우동 61-1번지,경기도 화성시 노작로 226-35,18460,37.2080019501,127.0792224085
공립,신현중학교,031-724-3700,경기도 광주시 신현동 753-1번지,경기도 광주시 태재로 20-17,12771,37.3579665966,127.1512204737
공립,한가람중학교,031-950-7900,경기도 파주시 와동동 1316번지,경기도 파주시 금바위로 77,10895,37.7311194506,126.7564591388
공립,이의중학교,031-8006-2919,경기도 수원시 영통구 하동 981번지,경기도 수원시 영통구 법조로 129,16512,37.2913327600,127.0707259270
공립,푸른솔중학교,031-996-1673,경기도 김포시 장기동 1866-3번지,경기도 김포시 김포한강2로 328,10081,37.6524146848,126.6671777562
사립,양곡중학교,031-981-0140,경기도 김포시 양촌읍 양곡리 286-1번지,경기도 김포시 양촌읍 양곡4로 138,10057,37.6596364518,126.6251489050
사립,통진중학교,031-987-1122,경기도 김포시 통진읍 마송리 14-15번지,경기도 김포시 통진읍 김포대로 2165,10032,37.6858540171,126.6021470662
공립,풍무중학교,031-997-1692,경기도 김포시 풍무동 545-1번지,경기도 김포시 유현로33번길 60,10120,37.6001102918,126.7266912039
공립,하성중학교,031-988-7263,경기도 김포시 하성면 마곡리 640-1번지,경기도 김포시 하성면 애기봉로806번길 30,10011,37.7180116568,126.6284340320
공립,교문중학교,031-553-4890,경기도 구리시 교문동 808-2번지,경기도 구리시 장자대로37번길 15,11938,37.5886007140,127.1338591320
공립,구리중학교,031-551-4191,경기도 구리시 수택동 784번지,경기도 구리시 장자대로 89-1,11940,37.5896767131,127.1408312862
공립,구리여자중학교,031-563-4372,경기도 구리시 토평동 214번지,경기도 구리시 벌말로 168,11945,37.5907443987,127.1512131552
공립,금곡중학교,031-592-7087,경기도 남양주시 금곡동 152-9번지,경기도 남양주시 경춘로 1008,12238,37.6337186623,127.2141976830
공립,덕소중학교,031-577-0714,경기도 남양주시 와부읍 도곡리 1036-4번지,경기도 남양주시 와부읍 도곡길 7,12269,37.5798635211,127.2257518469
공립,도농중학교,031-555-4082,경기도 남양주시 다산동 4002-40번지,경기도 남양주시 미금로 234,12251,37.6108979838,127.1634463286
공립,동구중학교,031-567-0618,경기도 구리시 인창동 483-7번지,경기도 구리시 동구릉로103번길 75,11914,37.6126072437,127.1350444682
사립,동화중학교,031-551-0528,경기도 남양주시 다산동 4106번지,경기도 남양주시 경춘로 434,12259,37.6074136174,127.1616379495
공립,미금중학교,031-562-9762,경기도 남양주시 다산동 3526번지,경기도 남양주시 미금로 140,12250,37.6149781712,127.1592921859
공립,별내중학교,031-841-4765,경기도 남양주시 별내면 청학리 421번지,경기도 남양주시 별내면 청학로132번길 30,12087,37.7110249669,127.1126656491
사립,수동중학교,031-593-6050,경기도 남양주시 수동면 입석리 333-3번지,경기도 남양주시 수동면 비룡로 790-22,12029,37.7091244743,127.3248074713
공립,신곡중학교,031-844-2431,경기도 의정부시 신곡동 685-2번지,경기도 의정부시 추동로24번길 23,11742,37.7431612124,127.0598668020
공립,다온중학교,031-876-5074,경기도 의정부시 가능동 833번지,경기도 의정부시 둔야로49번길 30,11672,37.7412361009,127.0373030247
공립,의정부여자중학교,031-873-8612,경기도 의정부시 가능동 653-24번지,경기도 의정부시 신흥로365번길 40,11679,37.7499790732,127.0396437241
공립,천보중학교,031-849-8600,경기도 의정부시 금오동 469-2번지,경기도 의정부시 부용로 61,11752,37.7506610706,127.0649532420
공립,충의중학교,031-850-3203,경기도 의정부시 민락동 735-7번지,경기도 의정부시 용현로 125,11803,37.7419370952,127.0903378007
공립,의왕중학교,031-453-8951,경기도 의왕시 오전동 350-1번지,경기도 의왕시 등칙골길 28,16059,37.3520362268,126.9755800955
공립,흥진중학교,031-390-5142,경기도 군포시 금정동 875-6번지,경기도 군포시 오금로 15-35,15864,37.3528550577,126.9285690078
공립,고촌중학교,031-986-0235,경기도 김포시 고촌읍 신곡리 446-2번지,경기도 김포시 고촌읍 신곡로 106,10124,37.6084954579,126.7681162258
공립,김포여자중학교,031-983-2071,경기도 김포시 사우동 216번지,경기도 김포시 봉화로 37-15,10107,37.6183979076,126.7130064471
공립,금파중학교,031-998-4121,경기도 김포시 북변동 811번지,경기도 김포시 김포대로926번길 88-9,10097,37.6240621445,126.7190206788
공립,김포중학교,031-982-2171,경기도 김포시 북변동 477번지,경기도 김포시 봉화로 83,10106,37.6221859787,126.7079918965
사립,분진중학교,031-987-1725,경기도 김포시 월곶면 군하리 70번지,경기도 김포시 월곶면 애기봉로11번길 86,10024,37.7192682125,126.5529658366
공립,수지중학교,031-261-0236,경기도 용인시 수지구 풍덕천동 663번지,경기도 용인시 수지구 수풍로 102,16830,37.3329070816,127.0943642307
공립,영문중학교,031-320-4619,경기도 용인시 처인구 포곡읍 영문리 554번지,경기도 용인시 처인구 포곡읍 영문로 70,17040,37.2719572679,127.2083747023
사립,용동중학교,031-338-3020,경기도 용인시 처인구 양지면 남곡리 164-1번지,경기도 용인시 처인구 양지면 남곡로 26,17161,37.2315093190,127.2829676092
공립,용인중학교,031-330-5000,경기도 용인시 처인구 김량장동 203-3번지,경기도 용인시 처인구 금학로341번길 8,17044,37.2386220035,127.2005660883
공립,이현중학교,031-266-8032,경기도 용인시 수지구 풍덕천동 1181-1번지,경기도 용인시 수지구 진산로34번길 39,16925,37.3153026998,127.0969191229
공립,정평중학교,031-265-9812,경기도 용인시 수지구 풍덕천동 1117번지,경기도 용인시 수지구 정평로 21,16843,37.3180747885,127.0878528786
공립,죽전중학교,031-265-5141,경기도 용인시 수지구 죽전동 873-4번지,경기도 용인시 수지구 용구대로2771번길 15,16867,37.3323747465,127.1075743207
공립,방교중학교,031-369-9300,경기도 화성시 송동 688번지,경기도 화성시 동탄산척로1길 23,18488,37.1747358261,127.1014745646
공립,도래울중학교,031-964-9572,경기도 고양시 덕양구 도내동 988번지,경기도 고양시 덕양구 도래울로 57,10551,37.6319248381,126.8686277645
공립,한별중학교,031-570-5811,경기도 남양주시 별내동 1055번지,경기도 남양주시 별내4로 70,12111,37.6488621580,127.1188720816
공립,위례중학교,02-2229-0800,경기도 하남시 학암동 664번지,경기도 하남시 위례순환로 343,13014,37.4772730389,127.1483368968
공립,은가람중학교,031-8026-8405,경기도 하남시 선동 414번지,경기도 하남시 미사강변한강로 9,12901,37.5759277274,127.1770917550
공립,미사중학교,031-8026-0807,경기도 하남시 망월동 1192번지,경기도 하남시 미사강변한강로 334,12923,37.5609190827,127.2006057471
공립,옥길중학교,070-7013-9120,경기도 부천시 옥길동 740-1번지,경기도 부천시 양지로 234-41,14786,37.4638644051,126.8269608351
공립,박달중학교,0313613800,경기도 안양시 만안구 박달동 590번지,경기도 안양시 만안구 박달로418번길 70,14018,37.3993986709,126.8970440857
공립,다원중학교,031-323-9400,경기도 화성시 영천동 870번지,경기도 화성시 동탄순환대로 754-12,18463,37.2105698570,127.1050841942
공립,윤슬중학교,031-8026-2620,경기도 하남시 망월동 1045번지,경기도 하남시 풍산로 168,12915,37.5634291900,127.1815956582
공립,부천중학교,070-7099-5125,경기도 부천시 중동 777번지,경기도 부천시 심중로75번길 64,14613,37.4904245396,126.7688626256
공립,상도중학교,070-7099-4471,경기도 부천시 상동 418-1번지,경기도 부천시 장말로 159,14600,37.4943824842,126.7603397446
공립,상동중학교,070-7099-5191,경기도 부천시 상동 572-3번지,경기도 부천시 부흥로 19,14592,37.4980444015,126.7450537814
공립,석천중학교,070-7096-7361,경기도 부천시 상동 526-7번지,경기도 부천시 계남로 71,14507,37.5098833290,126.7570978868
공립,성곡중학교,070-7099-9914,경기도 부천시 작동 48번지,경기도 부천시 삼작로496번길 10-25,14470,37.5178190435,126.8159300441
공립,성주중학교,070-7099-8820,경기도 부천시 송내동 418번지,경기도 부천시 성주로 24,14744,37.4800669012,126.7599945421
사립,소명여자중학교,032-349-5526,경기도 부천시 소사동 2-7번지,경기도 부천시 부일로571번길 84,14647,37.4876352605,126.7918632430
공립,소사중학교,032-347-5083,경기도 부천시 소사본동 401번지,경기도 부천시 소사로102번길 80,14774,37.4700208895,126.8021394646
공립,심원중학교,07070995284,경기도 부천시 중동 1097-1번지,경기도 부천시 계남로 352,14551,37.4998659015,126.7827876679
공립,역곡중학교,070-7099-5927,경기도 부천시 역곡동 101번지,경기도 부천시 역곡로58번길 27,14666,37.4914434354,126.8109105958
공립,중흥중학교,032-204-1094,경기도 부천시 중동 1053-1번지,경기도 부천시 신흥로 245,14539,37.5064841431,126.7743178795
공립,금광중학교,031-735-7922,경기도 성남시 중원구 금광동 2414번지,경기도 성남시 중원구 황송로 25,13183,37.4470887623,127.1711343788
공립,내정중학교,031-711-2026,경기도 성남시 분당구 수내동 64번지,경기도 성남시 분당구 백현로 197,13599,37.3706501006,127.1194031099
공립,매송중학교,031-706-0121-2,경기도 성남시 분당구 이매동 145번지,경기도 성남시 분당구 탄천로 49,13564,37.3971256390,127.1228507179
공립,포승중학교,031-681-2760,경기도 평택시 포승읍 방림리 55-2번지,경기도 평택시 포승읍 서동대로 1138,17965,36.9819895507,126.8817244456
사립,한광여자중학교,031-651-3128,경기도 평택시 비전동 504번지,경기도 평택시 중앙1로 115,17888,36.9978850245,127.0960046328
공립,현화중학교,031-615-5042,경기도 평택시 안중읍 현화리 827번지,경기도 평택시 안중읍 현화중앙길 41,17938,36.9823816543,126.9201266521
사립,효명중학교,031-611-5000,경기도 평택시 장당동 470번지,경기도 평택시 송탄로 51,17784,37.0501389261,127.0550837789
공립,갈월중학교,031-540-2100,경기도 포천시 소흘읍 이가팔리 487번지,경기도 포천시 소흘읍 죽엽산로 56-12,11181,37.8239877963,127.1532658194
공립,경북중학교,031-544-1815,경기도 포천시 가산면 감암리 194번지,경기도 포천시 가산면 감암길 16,11164,37.8494932536,127.1881329015
공립,관인중학교,031-538-8203,경기도 포천시 관인면 탄동리 607-3번지,경기도 포천시 관인면 관인로 20,11101,38.1580445835,127.2505839815
공립,내촌중학교,031-532-2461,경기도 포천시 내촌면 음현리 710-1번지,경기도 포천시 내촌면 금강로2259번길 7-7,11192,37.7790926585,127.2247676326
사립,동남중학교,031-540-5500,경기도 포천시 소흘읍 송우리 537-1번지,경기도 포천시 소흘읍 솔모루로3번길 69,11176,37.8269539492,127.1356276737
공립,삼성중학교,031-531-6852,경기도 포천시 신북면 삼성당리 605번지,경기도 포천시 신북면 삼성당길 7,11136,37.9484074015,127.1901168240
공립,영중중학교,031-532-6712,경기도 포천시 영중면 양문리 611-3번지,경기도 포천시 영중면 양문로1길 23,11129,38.0000407200,127.2458124050
공립,이동중학교,031-532-4512,경기도 포천시 이동면 장암리 180-1번지,경기도 포천시 이동면 늠바위1길 13,11111,38.0306216926,127.3743745035
공립,포천여자중학교,031-534-6301,경기도 포천시 신북면 가채리 821번지,경기도 포천시 신북면 중앙로197번길 65,11140,37.9055222095,127.1999998458
공립,포천중학교,031-534-6901,경기도 포천시 신북면 가채리 841-1번지,경기도 포천시 신북면 중앙로207번길 65,11140,37.9069437051,127.2025421799
공립,남양중학교,031-355-9402,경기도 화성시 남양읍 남양리 1663번지,경기도 화성시 남양읍 시청로45번길 9-12,18262,37.2079513177,126.8215771173
공립,청림중학교,031-5182-6200,경기도 화성시 산척동 719번지,경기도 화성시 동탄산척로 94,18501,37.1718211494,127.1113911937
공립,용이중학교,031-650-5211,경기도 평택시 용이동 438번지,경기도 평택시 현신로 64,17868,36.9977497254,127.1349357745
공립,남양주다산중학교,031-522-1400,경기도 남양주시 다산동 6032번지,경기도 남양주시 다산중앙로172번길 50,12285,37.6278114698,127.1586556417
공립,동탄목동중학교,031-630-5700,경기도 화성시 목동 484번지,경기도 화성시 동탄순환대로20길 52,18484,37.1887527694,127.1263794550
공립,매양중학교,031-799-3456,경기도 광주시 양벌동 653번지,경기도 광주시 양벌로 331-20,12798,37.3690378374,127.2479227937
공립,창성중학교,031-742-5182,경기도 성남시 수정구 산성동 3번지,경기도 성남시 수정구 수정로 400,13122,37.4595586566,127.1535873214
공립,이산중학교,031-323-9600,경기도 화성시 오산동 1000번지,경기도 화성시 동탄감배산로 51,18480,37.1911804304,127.0891294724
공립,도당중학교,070-7099-4526,경기도 부천시 도당동 36번지,경기도 부천시 평천로849번길 58,14480,37.5180467433,126.7873664009
공립,다산한강중학교,031-560-4200,경기도 남양주시 다산동 6241번지,경기도 남양주시 다산지금로145번길 20,12284,37.5993040140,127.1753707842
공립,신백중학교,031-8055-0710,경기도 화성시 남양읍 남양리 2057번지,경기도 화성시 남양읍 역골중앙로 56-6,18271,37.2034395478,126.8302381813
공립,서연중학교,031-660-7650,경기도 화성시 장지동 972번지,경기도 화성시 동탄대로4길 40,18506,37.1608652206,127.1102421785
공립,빛가온중학교,02-3397-4200,경기도 광명시 일직동 527번지,경기도 광명시 오리로84번길 16,14350,37.4121473625,126.8837095037
공립,감일중학교,02-580-8700,경기도 하남시 감이동 532번지,경기도 하남시 감일백제로 55,13004,37.5012088042,127.1622535538
공립,수현중학교,031-267-9800,경기도 화성시 봉담읍 수영리 691번지,경기도 화성시 봉담읍 상리3길 136,18311,37.2265399282,126.9506253701
공립,백현중학교,031-728-9109,경기도 성남시 분당구 정자동 77번지,경기도 성남시 분당구 황새울로 124,13610,37.3713427035,127.1106467063
공립,불곡중학교,031-785-3123,경기도 성남시 분당구 구미동 92번지,경기도 성남시 분당구 금곡로 139,13629,37.3474591649,127.1199153678
공립,상원여자중학교,031-747-5457,경기도 성남시 수정구 단대동 57번지,경기도 성남시 수정구 논골로35번길 6-1,13139,37.4570028626,127.1580879710
공립,주곡중학교,031-575-9430,경기도 남양주시 진접읍 금곡리 1003번지,경기도 남양주시 진접읍 해밀예당1로 283,12053,37.7253391599,127.2067196653
공립,해솔중학교,031-950-2900,경기도 파주시 목동동 661번지,경기도 파주시 해솔로 60,10893,37.7274649878,126.7458741804
공립,송양중학교,031-853-6551,경기도 의정부시 낙양동 762번지,경기도 의정부시 용민로 308,11812,37.7517194404,127.1044053050
공립,경기체육중학교,031-547-8700,경기도 수원시 장안구 천천동 30-1번지,경기도 수원시 장안구 상률로 106,16322,37.3040235896,126.9785315632
공립,화성반월중학교,031-547-1900,경기도 화성시 반월동 946번지,경기도 화성시 효행로 1281-76,18396,37.2239105341,127.0542566755
공립,신원중학교,02-381-0992,경기도 고양시 덕양구 신원2로,,,,
공립,수원다산중학교,031-259-5704,경기도 수원시 영통구 이의동 1368번지,경기도 수원시 영통구 혜령로 12,16509,37.2839953539,127.0512627886
공립,능실중학교,031-546-5690,경기도 수원시 권선구 호매실동 1390번지,경기도 수원시 권선구 호매실로165번길 28-1,16628,37.2609451424,126.9562624265
공립,김포한가람중학교,031-996-7391,경기도 김포시 구래동 6873-6번지,경기도 김포시 김포한강9로 140,10071,37.6493759172,126.6234555631
사립,한빛누리중학교,031-863-8338,경기도 동두천시 생연동 522-1번지,경기도 동두천시 동광로 124,11313,37.9119898795,127.0610243511
사립,신흥중학교,031-862-1033,경기도 동두천시 안흥동 36번지,경기도 동두천시 신천로 159,11304,37.9310743600,127.0478135034
공립,양주백석중학교,031-855-1201,경기도 양주시 백석읍 복지리 162번지,경기도 양주시 백석읍 양주산성로574번길 38,11510,37.7890272298,126.9900427279
공립,계남중학교,070-7096-6906,경기도 부천시 중동 1184-5번지,경기도 부천시 조마루로 274,14581,37.4974210643,126.7735797548
공립,내동중학교,070-7099-4932,경기도 부천시 내동 27번지,경기도 부천시 삼작로108번길 53,14493,37.5177348433,126.7746276277
공립,덕산중학교,070-7099-5041,경기도 부천시 오정동 117-2번지,경기도 부천시 성오로 203,14434,37.5289185010,126.7936234865
공립,부명중학교,070-7099-4894,경기도 부천시 중동 1176번지,경기도 부천시 조마루로 182,14584,37.4979485828,126.7641509680
공립,부인중학교,070-7099-5005,경기도 부천시 상동 398번지,경기도 부천시 상일로 62,14598,37.4905682455,126.7486696313
공립,부일중학교,070-7099-5245,경기도 부천시 소사본동 406번지,경기도 부천시 소사로 86,14774,37.4662210284,126.7997435306
공립,부천남중학교,070-7096-7314,경기도 부천시 송내동 628번지,경기도 부천시 성주로 148,14746,37.4790781276,126.7720382281
공립,부천동여자중학교,070-7014-7816,경기도 부천시 괴안동 171-15번지,경기도 부천시 경인로484번길 36,14683,37.4807580400,126.8101604604
공립,부천부곡중학교,070-7099-5339,경기도 부천시 중동 1213번지,경기도 부천시 부흥로 284,14611,37.4946326814,126.7745230717
공립,부천부흥중학교,070-7099-0854,경기도 부천시 중동 1074번지,경기도 부천시 계남로 268,14534,37.5054263672,126.7782088451
공립,부천여월중학교,070-7099-4561,경기도 부천시 여월동 68번지,경기도 부천시 성곡로57번길 25,14485,37.5172585136,126.7972187016
공립,부천여자중학교,032-223-0610,경기도 부천시 송내동 414번지,경기도 부천시 성주로23번길 22,14732,37.4813768937,126.7604792815
사립,파주중학교,031-950-9970,경기도 파주시 파주읍 연풍리 산87-4번지,경기도 파주시 파주읍 술이홀로 377,10834,37.8321487260,126.8288337562
공립,파평중학교,031-958-3327,경기도 파주시 파평면 금파리 288번지,경기도 파주시 파평면 청송로 173,10801,37.9200647035,126.8374560019
공립,탄현중학교,031-934-1600,경기도 파주시 탄현면 축현리 577-1번지,경기도 파주시 탄현면 열살미길 10,10846,37.8047301625,126.7230970528
사립,라온중학교,031-615-3390,경기도 평택시 서정동 2-73번지,경기도 평택시 경기대로1376번길 38-6,17730,37.0693743796,127.0669967464
공립,송탄중학교,031-667-5985,경기도 평택시 지산동 1195번지,경기도 평택시 지산3로10번길 5,17729,37.0765482979,127.0666072004
사립,신한중학교,031-653-8116,경기도 평택시 신한1길 ,,,,
공립,안일중학교,031-660-9801,경기도 평택시 안중읍 현화리 844-1번지,경기도 평택시 안중읍 안중로 25,17939,36.9841510940,126.9243718511
사립,안중중학교,031-683-3107,경기도 평택시 안중읍 현화리 315번지,경기도 평택시 안중읍 안중믿음길 32,17932,36.9856264456,126.9237539531
사립,오성중학교,031-681-1100,경기도 평택시 오성면 숙성리 125번지,경기도 평택시 오성면 오성새싹길 6,17819,37.0091819405,126.9806313628
사립,은혜중학교,031-612-1000,경기도 평택시 장안동 389-1번지,경기도 평택시 장안웃길 66,17731,37.0665423934,127.0816474057
사립,진위중학교,031-646-0100,경기도 평택시 진위면 가곡리 505번지,경기도 평택시 진위면 진위서로 47,17714,37.1099112380,127.0694447819
공립,청북중학교,031-683-5032,경기도 평택시 청북읍 토진리 70-5번지,경기도 평택시 청북읍 건의길 46,17797,37.0425557940,126.9473659645
사립,태광중학교,031-646-5212,경기도 평택시 신장동 263-6번지,경기도 평택시 탄현1로 155,17767,37.0738044432,127.0535055861
공립,평택여자중학교,031-690-0910,경기도 평택시 비전동 236-21번지,경기도 평택시 평택4로 60,17899,36.9930049122,127.1030316408
공립,천마중학교,031-522-2620,경기도 남양주시 화도읍 묵현리 400-4번지,경기도 남양주시 화도읍 먹갓로28번길 12,12157,37.6562428460,127.2766922894
공립,옥정중학교,031-860-4800,경기도 양주시 옥정동 산100-7번지,경기도 양주시 옥정로5길 55,11472,37.8220847026,127.0884521754
공립,미사강변중학교,031-8026-0519,경기도 하남시 선동 420번지,경기도 하남시 미사강변한강로 89,12901,37.5778252035,127.1854868644
공립,청계중학교,031-8077-3510,경기도 화성시 청계동 517번지,경기도 화성시 동탄대로시범길 47,18477,37.1994037544,127.1030802540
공립,봉담중학교,031-298-5816,경기도 화성시 봉담읍 상리 11-40번지,경기도 화성시 봉담읍 샘마을길 53,18316,37.2165380909,126.9533691061
사립,비봉중학교,031-356-0795,경기도 화성시 비봉면 양노리 259-3번지,경기도 화성시 비봉면 양노로109번길 5,18284,37.2383493423,126.8728272701
사립,삼괴중학교,031-351-3102,경기도 화성시 우정읍 조암리 139번지,경기도 화성시 우정읍 장안로 35,18564,37.0898265507,126.8222939606
사립,서신중학교,031-355-0782,경기도 화성시 서신면 상안리 872번지,경기도 화성시 서신면 바다뜰길 49-9,18555,37.1695635954,126.7005982397
공립,성호중학교,031-374-0147,경기도 오산시 원동 607-2번지,경기도 오산시 동부대로436번길 34,18150,37.1396121605,127.0818196140
사립,송산중학교,031-357-1020,경기도 화성시 송산면 사강리 551번지,경기도 화성시 송산면 송산포도로 162,18550,37.2158180793,126.7311835418
공립,양감중학교,031-352-8429,경기도 화성시 양감면 신왕리 475-1번지,경기도 화성시 양감면 초록로 49,18632,37.0811842740,126.9517997829
공립,매홀중학교,031-374-2632,경기도 오산시 수청동 634번지,경기도 오산시 내삼미로48번길 17,18114,37.1679693933,127.0689016230
사립,오산중학교,031-371-9000,경기도 오산시 청학동 26번지,경기도 오산시 청학로 43,18119,37.1543079675,127.0626050821
공립,운천중학교,031-377-7842,경기도 오산시 오산동 911-1번지,경기도 오산시 운암로 133,18134,37.1583031167,127.0780451793
사립,장안여자중학교,031-351-2082,경기도 화성시 장안면 사곡리 1번지,경기도 화성시 장안면 기아자동차로 814,18585,37.0776321183,126.8163049016
공립,정남중학교,031-352-3014,경기도 화성시 정남면 신리 85번지,경기도 화성시 정남면 신리길 76,18519,37.1651278448,126.9786538812
공립,지축중학교,02-3700-5600,경기도 고양시 덕양구 지축동,경기도 고양시 덕양구 오부자2길 14,10583,37.6524021904,126.9175070519
공립,안산해솔중학교,031-8085-1600,경기도 안산시 상록구 사동 1639-13번지,경기도 안산시 상록구 해양5로 10,15596,37.2813132927,126.8339142543
공립,정천중학교,031-292-4918,경기도 수원시 팔달구 화서동 708번지,경기도 수원시 팔달구 정자천로32번길 11,16423,37.2893373115,126.9820287419
공립,칠보중학교,031-291-3481,경기도 수원시 권선구 금곡동 1093번지,경기도 수원시 권선구 금곡로 126,16388,37.2735285036,126.9445993057
공립,구미중학교,031-726-2852,경기도 성남시 분당구 구미동 299-1번지,경기도 성남시 분당구 구미로173번길 29,13619,37.3463442200,127.1236016346
공립,호성중학교,031-451-7921,경기도 안양시 동안구 호계동 781-3번지,경기도 안양시 동안구 호성로 55,14127,37.3669099197,126.9637315123
공립,부천일신중학교,070-7099-8711,경기도 부천시 범박동 153-7번지,경기도 부천시 범안로96번길 44,14776,37.4731713275,126.8060005459
공립,선일중학교,031-503-9001,경기도 안산시 단원구 선부동 799-5번지,경기도 안산시 단원구 선부광장서로 59,15242,37.3355020746,126.8037922978
공립,진접중학교,031-529-6107,경기도 남양주시 진접읍 장현리 15-1번지,경기도 남양주시 진접읍 금강로 1641-1,12002,37.7365719221,127.1934193178
공립,현산중학교,031-9108-300,경기도 고양시 일산서구 일산동 1915번지,경기도 고양시 일산서구 일청로 85,10346,37.6912190690,126.7739504842
사립,헌산중학교,031-334-4004,경기도 용인시 처인구 원삼면 사암리 883-1번지,경기도 용인시 처인구 원삼면 내동로 50-13,17167,37.1738510445,127.2958954901
공립,생연중학교,031-857-9972,경기도 동두천시 생연동 714-4번지,경기도 동두천시 생연로 46,11344,37.8968684087,127.0497061763
공립,매원중학교,031-213-5585,경기도 수원시 영통구 매탄동 812번지,경기도 수원시 영통구 매탄로 177,16537,37.2666295666,127.0452416928
사립,매향중학교,031-259-0888,경기도 수원시 팔달구 매향동 110-2번지,경기도 수원시 팔달구 수원천로392번길 44-22,16254,37.2857533791,127.0192023625
공립,매현중학교,031-217-1653,경기도 수원시 영통구 매탄동 1284번지,경기도 수원시 영통구 동탄원천로881번길 20,16548,37.2548930847,127.0428201140
공립,송원중학교,031-252-3545,경기도 수원시 장안구 송죽동 376번지,경기도 수원시 장안구 송정로21번길 42,16306,37.2972958558,127.0028814601
공립,산남중학교,031-213-6105,경기도 수원시 영통구 매탄동 1216번지,경기도 수원시 영통구 매영로 79,16526,37.2691404688,127.0512832870
사립,삼일중학교,031-255-3133,경기도 수원시 팔달구 매향동 10-22번지,경기도 수원시 팔달구 수원천로 342,16254,37.2843984846,127.0185115589
공립,창용중학교,031-548-1401,경기도 수원시 장안구 연무동 241번지,경기도 수원시 장안구 연무로 8,16219,37.2931706938,127.0301441592
공립,수성중학교,031-255-0953,경기도 수원시 장안구 조원동 677-1번지,경기도 수원시 장안구 수성로363번길 2,16310,37.2947922254,127.0120819492
공립,수원북중학교,031-289-5810,경기도 수원시 장안구 영화동 22번지,경기도 수원시 장안구 광교산로 37,16277,37.2954237173,127.0210363108
사립,수원중학교,031-232-8215,경기도 수원시 팔달구 매교동 191번지,경기도 수원시 팔달구 정조로 666-10,16469,37.2681806088,127.0180621923
공립,수일여자중학교,031-248-2611,경기도 수원시 장안구 조원동 198-1번지,경기도 수원시 장안구 수일로 145,16293,37.3081055015,127.0076739475
공립,수일중학교,031-246-6113,경기도 수원시 장안구 파장동 414-1번지,경기도 수원시 장안구 수일로 103,16202,37.3101929323,127.0024580104
공립,연무중학교,031-216-2982,경기도 수원시 영통구 이의동 1325번지,경기도 수원시 영통구 센트럴타운로100번길 30,16505,37.2928314854,127.0519210959
공립,영덕중학교,031-202-2292,경기도 수원시 영통구 영통동 957-3번지,경기도 수원시 영통구 청명로 146,16707,37.2585389963,127.0729307150
공립,용인신릉중학교,031-286-1264,경기도 용인시 기흥구 신갈동 689번지,경기도 용인시 기흥구 새천년로 57,16958,37.2901636045,127.1161084369
공립,용인대덕중학교,031-896-3832,경기도 용인시 수지구 죽전동 1156번지,경기도 용인시 수지구 죽전로293번길 12,16876,37.3366484903,127.1274543732
공립,손곡중학교,031-264-9834,경기도 용인시 수지구 동천동 871번지,경기도 용인시 수지구 수풍로116번길 5,16828,37.3347642122,127.0944445534
공립,성지중학교,031-547-5600,경기도 용인시 기흥구 구갈동 576번지,경기도 용인시 기흥구 강남서로 26,16977,37.2740399198,127.1281127773
공립,언동중학교,031-283-9027,경기도 용인시 기흥구 언남동 132-5번지,경기도 용인시 기흥구 언남로 41,16916,37.2944182975,127.1303028464
공립,용신중학교,031-337-1902,경기도 용인시 처인구 김량장동 466-1번지,경기도 용인시 처인구 명지로 15-26,17061,37.2339408765,127.1924225401
공립,초지중학교,031-8040-8472,경기도 안산시 단원구 초지동 723-2번지,경기도 안산시 단원구 광덕3로 48,15442,37.3121845144,126.8178993015
사립,이우중학교,031-710-6902,경기도 성남시 분당구 동원동 157-1번지,경기도 성남시 분당구 동막로 287,13547,37.3529259584,127.0914901691
공립,대경중학교,031-541-1890,경기도 포천시 소흘읍 송우리 729-13번지,경기도 포천시 소흘읍 봉솔로 23,11177,37.8266866785,127.1395719909
공립,당동중학교,031-470-7900,경기도 군포시 당동 982-2번지,경기도 군포시 용호1로21번길 12,15872,37.3453797777,126.9373754896
공립,대호중학교,031-378-8374,경기도 오산시 궐동 617번지,경기도 오산시 궐리사로29번길 19,18121,37.1621473587,127.0569735430
사립,두레자연중학교,031-358-8773,경기도 화성시 우정읍 화산리 692-11번지,경기도 화성시 우정읍 두레길 42,18569,37.0593844208,126.7957507783
공립,송라중학교,031-523-7100,경기도 남양주시 화도읍 마석우리 592번지,경기도 남양주시 화도읍 마석로45번길 31,12174,37.6546311483,127.3029420108
사립,영복여자중학교,031-245-2514,경기도 수원시 팔달구 화서동 7-10번지,경기도 수원시 팔달구 장안로7번길 49,16434,37.2850297992,127.0033231548
사립,영신중학교,031-8012-8082,경기도 수원시 권선구 오목천동 537-1번지,경기도 수원시 권선구 삼천병마로1566번길 30,16636,37.2419204061,126.9669860354
공립,영일중학교,031-203-0053,경기도 수원시 영통구 영통동 1004번지,경기도 수원시 영통구 매영로 393,16705,37.2496977471,127.0758446910
공립,영통중학교,031-203-2093,경기도 수원시 영통구 영통동 964-2번지,경기도 수원시 영통구 영통로 316,16697,37.2536378824,127.0637229633
공립,원천중학교,031-211-4292,경기도 수원시 영통구 원천동 78-7번지,경기도 수원시 영통구 동수원로551번길 38,16501,37.2764061957,127.0490405931
공립,율전중학교,031-548-8106,경기도 수원시 장안구 율전동 168-41번지,경기도 수원시 장안구 덕영대로381번길 59,16358,37.3033653056,126.9663382816
공립,율현중학교,031-298-9672,경기도 수원시 팔달구 화서동 729번지,경기도 수원시 팔달구 일월로22번길 60,16424,37.2860862060,126.9826940588
공립,이목중학교,031-547-5210,경기도 수원시 장안구 이목동 241번지,경기도 수원시 장안구 장안로 426,16208,37.3183183969,126.9823716611
공립,천천중학교,031-547-5000,경기도 수원시 장안구 천천동 510번지,경기도 수원시 장안구 정자로42번길 16,16325,37.3002669660,126.9810736937
공립,청명중학교,031-547-4100,경기도 수원시 영통구 영통동 955-3번지,경기도 수원시 영통구 청명북로 118,16708,37.2618836817,127.0780995675
공립,호매실중학교,031-8025-5500,경기도 수원시 권선구 호매실동 395-27번지,경기도 수원시 권선구 금호로 32,16400,37.2685134203,126.9555200137
공립,화홍중학교,031-225-9917,경기도 수원시 권선구 권선동 1316번지,경기도 수원시 권선구 덕영대로1323번길 25-11,16554,37.2472452821,127.0348607212
공립,경수중학교,031-412-4100,경기도 안산시 상록구 성포동 594번지,경기도 안산시 상록구 삼일로 678,15293,37.3269387343,126.8513230468
공립,군자중학교,031-487-7341,경기도 시흥시 거모동 1418번지,경기도 시흥시 군자봉길 299,15067,37.3512574517,126.7840571118
공립,대부중학교,032-886-4272,경기도 안산시 단원구 대부북동 697-6번지,경기도 안산시 단원구 대부중앙로 3,15645,37.2477593571,126.5790592929
공립,목암중학교,031-960-0610,경기도 고양시 덕양구 고양동 723번지,경기도 고양시 덕양구 푸른마을로 65,10270,37.7139589446,126.9058952609
공립,다산새봄중학교,031-522-8400,경기도 남양주시 다산동 6129번지,경기도 남양주시 다산순환로 435,12285,37.6188356138,127.1591839327
공립,화성세정중학교,031-210-7300,경기도 화성시 산척동 741번지,경기도 화성시 동탄순환대로12길 60,18503,37.1671949313,127.1247622713
공립,치동중학교,031-220-8257,경기도 화성시 영천동 790번지,경기도 화성시 동탄순환대로 881-9,18470,37.2087037376,127.0917279612
공립,심학중학교,031-560-9739,경기도 파주시 동패동 2120번지,경기도 파주시 양지로 75,10888,37.7100261285,126.7170756079
공립,나래중학교,031-5186-2800,경기도 김포시 구래동 6893-3번지,경기도 김포시 김포한강9로 19,10070,37.6390821419,126.6257866929
공립,광교호수중학교,031-895-2800,경기도 수원시 영통구 원천동 596번지,경기도 수원시 영통구 월드컵로 8,16514,37.2726674396,127.0640192335
공립,향산중학교,031-8049-2800,경기도 김포시 고촌읍 향산리 146-2번지,경기도 김포시 고촌읍 상미로10번길 58,10121,37.6188296105,126.7445819636
공립,덕은한강중학교,031-994-6902,경기도 고양시 덕양구 덕은동,경기도 고양시 덕양구 대덕산로 111,10543,37.5822515389,126.8685038745
공립,판교대장중학교,031-724-0712,경기도 성남시 분당구 대장동 155-4번지,경기도 성남시 분당구 판교대장로5길 71,13544,37.3684519380,127.0697900057
공립,영성중학교,031-754-0868,경기도 성남시 중원구 하대원동 150번지,경기도 성남시 중원구 둔촌대로248번길 7,13406,37.4272078357,127.1472827254
공립,이매중학교,031-776-1000,경기도 성남시 분당구 이매동 102번지,경기도 성남시 분당구 양현로 194,13566,37.4019403074,127.1261032018
공립,장안중학교,031-702-6236,경기도 성남시 분당구 분당동 114번지,경기도 성남시 분당구 장안로 70,13584,37.3715457195,127.1465947950
공립,정자중학교,031-784-6702,경기도 성남시 분당구 정자동 123번지,경기도 성남시 분당구 황새울로 60,13611,37.3653558483,127.1101355711
공립,청솔중학교,031-714-2326,경기도 성남시 분당구 금곡동 124번지,경기도 성남시 분당구 금곡로 283,13617,37.3564776809,127.1102718305
공립,태평중학교,031-755-3506,경기도 성남시 수정구 태평동 5140번지,경기도 성남시 수정구 제일로 223,13306,37.4461509786,127.1284269913
사립,풍생중학교,031-752-0488,경기도 성남시 수정구 수진동 4511-1번지,경기도 성남시 수정구 산성대로 111,13326,37.4350464152,127.1314095383
공립,하탑중학교,031-706-2073,경기도 성남시 분당구 야탑동 520번지,경기도 성남시 분당구 벌말로 11,13518,37.4091594977,127.1374122763
공립,고색중학교,031-295-9472,경기도 수원시 권선구 고색동 888-92번지,경기도 수원시 권선구 매송고색로711번길 50,16623,37.2535939578,126.9813037797
공립,곡선중학교,031-231-8330,경기도 수원시 권선구 권선동 1063번지,경기도 수원시 권선구 경수대로312번길 23-10,16581,37.2544831891,127.0234494458
공립,구운중학교,031-294-3014,경기도 수원시 권선구 구운동 508번지,경기도 수원시 권선구 금호로 257,16410,37.2768507917,126.9774106023
공립,권선중학교,031-237-3356,경기도 수원시 권선구 세류동 1130-1번지,경기도 수원시 권선구 경수대로 239,16657,37.2488691415,127.0171816724
공립,대평중학교,031-269-2502,경기도 수원시 장안구 정자동 871-1번지,경기도 수원시 장안구 만석로68번길 7,16333,37.2973310255,126.9899622553
공립,동성중학교,031-245-1437,경기도 수원시 팔달구 우만동 533번지,경기도 수원시 팔달구 월드컵로 293,16238,37.2847167167,127.0349799024
공립,동수원중학교,031-214-0041,경기도 수원시 영통구 매탄동 1200번지,경기도 수원시 영통구 동탄원천로1109번길 92,16528,37.2712987708,127.0547218785
사립,화성중학교,031-352-7816,경기도 화성시 향남읍 장짐리 161번지,경기도 화성시 향남읍 장짐길 4,18587,37.1390350465,126.9064577889
공립,광문중학교,02-2619-1728,경기도 광명시 광명동 735-1번지,경기도 광명시 덕단이로 43,14282,37.4669722677,126.8524445240
공립,곡반중학교,031-267-3143,경기도 수원시 권선구 곡반정동 519번지,경기도 수원시 권선구 동수원로146번길 144-7,16667,37.2443446775,127.0330519890
공립,서현중학교,031-701-4503,경기도 성남시 분당구 서현동 96-1번지,경기도 성남시 분당구 중앙공원로 54-1,13589,37.3808358720,127.1337308086
공립,성남동중학교,031-747-5538,경기도 성남시 중원구 금광동 3214번지,경기도 성남시 중원구 광명로361번길 23,13173,37.4487367579,127.1641854569
공립,성남문원중학교,031-747-3869,경기도 성남시 수정구 단대동 10번지,경기도 성남시 수정구 논골로 79,13131,37.4609218327,127.1574029826
공립,성남서중학교,031-739-6201,경기도 성남시 수정구 단대동 189번지,경기도 성남시 수정구 희망로 496,13146,37.4491133179,127.1541103352
공립,성남여자중학교,031-737-7226,경기도 성남시 수정구 신흥동 47-1번지,경기도 성남시 수정구 공원로 446,13259,37.4502331874,127.1427201051
공립,성남중학교,031-751-8748,경기도 성남시 중원구 성남동 2872번지,경기도 성남시 중원구 원터로 64,13370,37.4325435854,127.1441492906
사립,동광중학교,031-750-1600,경기도 성남시 중원구 성남동 2876-1번지,경기도 성남시 중원구 원터로 84,13370,37.4346420159,127.1435628732
사립,송림중학교,031-704-6702,경기도 성남시 분당구 이매동 378번지,경기도 성남시 분당구 이매로 100,13571,37.3916334395,127.1305263841
공립,수내중학교,031-710-4700,경기도 성남시 분당구 수내동 78번지,경기도 성남시 분당구 수내로192번길 12,13600,37.3706639114,127.1265634181
사립,숭신여자중학교,031-747-0448,경기도 성남시 중원구 금광동 2686번지,경기도 성남시 중원구 황송로77번길 34,13165,37.4501519052,127.1705895908
공립,양영중학교,031-701-4470,경기도 성남시 분당구 서현동 293번지,경기도 성남시 분당구 돌마로486번길 23,13586,37.3765251948,127.1359768576
공립,동학중학교,031-204-6229,경기도 화성시 반월동 184-8번지,경기도 화성시 영통로27번길 60,18377,37.2329206385,127.0580253086
공립,동탄중학교,031-8077-4510,경기도 화성시 청계동 528번지,경기도 화성시 동탄대로시범길 97,18476,37.1989372710,127.1091788628
공립,야탑중학교,031-709-9013,경기도 성남시 분당구 야탑동 336번지,경기도 성남시 분당구 양현로 442,13499,37.4161260367,127.1312310604
공립,발안중학교,031-8077-2750,경기도 화성시 향남읍 평리 63-18번지,경기도 화성시 향남읍 발안로 73,18592,37.1328939562,126.9186873908
공립,병점중학교,031-224-0417,경기도 화성시 병점동 825번지,경기도 화성시 병점3로 71,18403,37.2103532413,127.0400573410
공립,기안중학교,031-290-1898,경기도 화성시 기안동 365번지,경기도 화성시 효행로291번길 29,18337,37.2243353415,126.9753271415
공립,서해중학교,070-7097-1901,경기도 시흥시 정왕동 1866-4번지,경기도 시흥시 옥구천서로373번길 18,15030,37.3571928586,126.7260739900
공립,소래중학교,070-7097-1213,경기도 시흥시 은행동 107번지,경기도 시흥시 은행로 60,14920,37.4373417337,126.7967346009
공립,시흥은행중학교,070-7097-0309,경기도 시흥시 은행동 544번지,경기도 시흥시 은행로144번길 36,14916,37.4428990475,126.8021314366
공립,초당중학교,031-329-7800,경기도 용인시 기흥구 중동 1048번지,경기도 용인시 기흥구 동백중앙로 119,17013,37.2655361503,127.1567675403
공립,양오중학교,031-574-2047,경기도 남양주시 오남읍 양지리 616-2번지,경기도 남양주시 오남읍 양지로 261-31,12047,37.6976787628,127.1931258107
공립,풍산중학교,031-903-1127,경기도 고양시 일산동구 풍동 1288번지,경기도 고양시 일산동구 숲속마을1로 33,10307,37.6647369380,126.7990618990
공립,부용중학교,031-852-6301,경기도 의정부시 민락동 757-2번지,경기도 의정부시 오목로 86,11811,37.7354169857,127.0919172127
공립,의정부중학교,031-876-0572,경기도 의정부시 가능동 652-56번지,경기도 의정부시 가능로 75,11682,37.7481071613,127.0403704371
공립,대곶중학교,031-987-0148,경기도 김포시 대곶면 율생리 336-2번지,경기도 김포시 대곶면 율생중앙로 8,10039,37.6493263622,126.5837243594
공립,신갈중학교,031-547-0200,경기도 용인시 기흥구 신갈동 113번지,경기도 용인시 기흥구 용구대로2152번길 23,16964,37.2810175700,127.1087999712
공립,원삼중학교,031-332-8007,경기도 용인시 처인구 원삼면 고당리 95-1번지,경기도 용인시 처인구 원삼면 고당로16번길 29,17168,37.1681764703,127.3093259556
공립,조남중학교,031-490-4800,경기도 시흥시 조남동 702번지,경기도 시흥시 목감둘레로 205,14986,37.3774821709,126.8585572030
공립,갈매중학교,031-570-7800,경기도 구리시 갈매동 576번지,경기도 구리시 갈매순환로 121,11901,37.6306873214,127.1204835664
공립,상일중학교,070-7099-0821,경기도 부천시 상동 550-4번지,경기도 부천시 조마루로 69,14587,37.5015198490,126.7515466564
공립,중원중학교,070-5161-9315,경기도 부천시 중동 1024-2번지,경기도 부천시 도약로 119,14510,37.5119385115,126.7628708182
공립,대원중학교,031-747-0547,경기도 성남시 중원구 금광동 2422번지,경기도 성남시 중원구 황송로 35,13183,37.4473529207,127.1721281070
사립,한광중학교,031-651-3118,경기도 평택시 비전동 504번지,경기도 평택시 중앙1로 115,17888,36.9978850245,127.0960046328
공립,영북중학교,031-531-1754,경기도 포천시 영북면 운천리 385-1번지,경기도 포천시 영북면 영북로 214,11104,38.0936402007,127.2776602793
공립,일동중학교,031-532-3814,경기도 포천시 일동면 기산리 96-2번지,경기도 포천시 일동면 화동로1099번길 39,11116,37.9612344762,127.3152397646
공립,송린중학교,031-5182-0401,경기도 화성시 새솔동 125번지,경기도 화성시 수노을2로 148,18242,37.2768127010,126.8223244488
공립,배곧해솔중학교,031-8063-1800,경기도 시흥시 배곧동 264번지,경기도 시흥시 서울대학로 150-23,15011,37.3598762158,126.7174418223
공립,향동중학교,02-3153-5300,경기도 고양시 덕양구 향동동 503번지,경기도 고양시 덕양구 향동1로 38,10546,37.6030145150,126.8953025090
공립,분당중학교,031-714-2093,경기도 성남시 분당구 정자동 153번지,경기도 성남시 분당구 황새울로 4,13612,37.3609061080,127.1110732839
공립,은여울중학교,031-996-7351,경기도 김포시 마산동 639-9번지,경기도 김포시 김포한강8로 173-48,10068,37.6379003865,126.6391293608
공립,어정중학교,031-547-6411,경기도 용인시 기흥구 중동 1103번지,경기도 용인시 기흥구 동백죽전대로527번길 83,16989,37.2804396272,127.1456788413
사립,조양중학교,031-836-2185,경기도 양주시 광적면 가납리 908번지,경기도 양주시 광적면 부흥로 757,11418,37.8199238351,126.9796612178
공립,부천동중학교,032-343-3115,경기도 부천시 괴안동 171-15번지,경기도 부천시 경인로484번길 36,14683,37.4807580400,126.8101604604
사립,파주광일중학교,031-940-1910,경기도 파주시 월롱면 영태리 535번지,경기도 파주시 월롱면 함영골길 10,10945,37.7750967923,126.7860075764
공립,세교중학교,031-615-9100,경기도 평택시 세교동 304-11번지,경기도 평택시 영신로 198,17842,37.0135535998,127.0886038876
사립,청담중학교,031-691-8801,경기도 평택시 팽성읍 송화리 810번지,경기도 평택시 팽성읍 부용로56번길 20,17991,36.9624861144,127.0630869785
공립,평택중학교,031-659-0001,경기도 평택시 비전동 469-8번지,경기도 평택시 평택2로 101,17890,36.9987920244,127.0923584888
공립,한백중학교,031-8077-5700,경기도 화성시 영천동 698번지,경기도 화성시 동탄순환대로26길 26,18473,37.2065432774,127.1141094769
사립,안용중학교,031-237-4473,경기도 화성시 송산동 97-7번지,경기도 화성시 효행로 833,18358,37.2067591387,127.0202336313
공립,운암중학교,031-376-2691,경기도 오산시 원동 815-2번지,경기도 오산시 대원로 76,18140,37.1458866892,127.0769318199
공립,진안중학교,031-221-4711,경기도 화성시 진안동 857-1번지,경기도 화성시 병점동로 138,18392,37.2165191480,127.0378220812
공립,대송중학교,031-910-1890,경기도 고양시 일산서구 대화동 1492-1번지,경기도 고양시 일산서구 송포로 49,10219,37.6708199415,126.7309358843
공립,현암중학교,031-896-4103,경기도 용인시 수지구 죽전동 1238번지,경기도 용인시 수지구 대지로 128,16881,37.3296451621,127.1219127686
공립,명인중학교,031-249-1860,경기도 수원시 장안구 정자동 888-1번지,경기도 수원시 장안구 정자천로134번길 37,16319,37.2922602838,126.9930088330
공립,수원제일중학교,031-255-2953,경기도 수원시 팔달구 화서동 5번지,경기도 수원시 팔달구 수성로244번길 37-52,16434,37.2871284111,127.0007936036
공립,숙지중학교,031-369-5600,경기도 수원시 팔달구 화서동 652번지,경기도 수원시 팔달구 덕영대로735번길 23,16435,37.2824407092,126.9922060961
공립,용인신촌중학교,031-337-4600,경기도 용인시 기흥구 보정동 1268번지,경기도 용인시 기흥구 보정로 71,16902,37.3160338920,127.1134488953
공립,금릉중학교,031-950-0327,경기도 파주시 금촌동 996번지,경기도 파주시 후곡로 66,10917,37.7515378913,126.7729528260
공립,안화중학교,031-221-4732,경기도 화성시 병점동 853번지,경기도 화성시 병점2로 125,18408,37.2111612920,127.0485951895
공립,장내중학교,031-559-4362,경기도 남양주시 평내동 569번지,경기도 남양주시 평내로 37,12225,37.6421006806,127.2332423262
공립,태장중학교,031-201-9400,경기도 수원시 영통구 영통동 970-1번지,경기도 수원시 영통구 봉영로1517번길 45,16700,37.2489920366,127.0651817721
공립,관산중학교,031-487-8104,경기도 안산시 단원구 원곡동 965번지,경기도 안산시 단원구 삼일로 184,15364,37.3352744517,126.7988274535
공립,비산중학교,031-8084-9300,경기도 안양시 동안구 비산동 121-1번지,경기도 안양시 동안구 평촌대로427번길 42,13915,37.4093830976,126.9481629874
공립,범박중학교,032-610-2700,경기도 부천시 범박동 232-3번지,경기도 부천시 양지남로 69-16,14788,37.4691569316,126.8146887577
공립,하랑중학교,031-570-7201,경기도 남양주시 호평동 125-8번지,경기도 남양주시 백봉로 92,12155,37.6499716192,127.2550476387
공립,은행중학교,031-739-3810,경기도 성남시 중원구 은행동 550-6번지,경기도 성남시 중원구 순환로379번길 20,13151,37.4575659157,127.1722983585
공립,남수원중학교,031-233-9732,경기도 수원시 권선구 권선동 1244번지,경기도 수원시 권선구 권중로 162,16557,37.2520089437,127.0336587130
사립,화도중학교,031-356-6622,경기도 화성시 마도면 석교리 212번지,경기도 화성시 마도면 석교로 162,18537,37.2049183500,126.7751982707
공립,망포중학교,031-273-9435,경기도 수원시 영통구 망포동 556-6번지,경기도 수원시 영통구 태장로82번길 15,16687,37.2381947118,127.0558524291
사립,성일중학교,031-720-2700,경기도 성남시 중원구 성남동 2876번지,경기도 성남시 중원구 시민로77번길 10-1,13370,37.4349077302,127.1449971735
공립,가람중학교,031-930-4821,경기도 고양시 덕양구 행신동 927번지,경기도 고양시 덕양구 화신로 122,10493,37.6236718743,126.8411947646
공립,덕양중학교,02-3158-4896,경기도 고양시 덕양구 화전동 274-3번지,경기도 고양시 덕양구 중앙로176번길 18-29,10538,37.6046669836,126.8717244983
공립,백석중학교,031-960-6711,경기도 고양시 일산동구 백석동 1346번지,경기도 고양시 일산동구 호수로 404,10448,37.6420252421,126.7828512799
사립,안양여자중학교,031-469-2014,경기도 안양시 만안구 안양동 840-2번지,경기도 안양시 만안구 안양로 357,13988,37.4035245767,126.9163319845
공립,평촌중학교,031-381-0052,경기도 안양시 동안구 평촌동 899-5번지,경기도 안양시 동안구 관평로 127,14071,37.3887854046,126.9615536371
공립,양수중학교,031-772-2722,경기도 양평군 양서면 용담리 212번지,경기도 양평군 양서면 용담3길 15,12584,37.5447472494,127.3256683083
공립,석우중학교,031-8077-6062,경기도 화성시 반송동 84번지,경기도 화성시 동탄중앙로 264,18446,37.2083129265,127.0704303066
공립,녹양중학교,031-829-9743,경기도 의정부시 녹양동 191-5번지,경기도 의정부시 체육로 187,11602,37.7617490560,127.0279338158
공립,반송중학교,031-370-7700,경기도 화성시 반송동 198번지,경기도 화성시 탄요1길 13,18441,37.1901972065,127.0711301002
공립,안산성호중학교,031-408-2896,경기도 안산시 상록구 일동 82-2번지,경기도 안산시 상록구 구룡서길 21-11,15324,37.3146481100,126.8687631455
사립,청심국제중학교,031-589-8900,경기도 가평군 설악면 송산리 산102번지,경기도 가평군 설악면 미사리로 324-213,12461,37.6870387038,127.5406264948
공립,정왕중학교,070-7097-0520,경기도 시흥시 정왕동 1787-3번지,경기도 시흥시 정왕대로298번길 28,15064,37.3402001862,126.7424935659
사립,명륜여자중학교,031-675-3538,경기도 안성시 낙원동 399-1번지,경기도 안성시 장기로103번길 22,17591,37.0049578288,127.2750037332
사립,안청중학교,031-673-3124,경기도 안성시 당왕동 10-1번지,경기도 안성시 당목길 68,17584,37.0220218242,127.2748747285
공립,예봉중학교,031-579-2500,경기도 남양주시 와부읍 덕소리 259번지,경기도 남양주시 와부읍 수레로 127-37,12204,37.5949848440,127.2204855656
공립,경안중학교,031-763-4214,경기도 광주시 장지동 61-20번지,경기도 광주시 장지1길 6,12777,37.3952128303,127.2473832545
공립,곤지암중학교,031-762-6034,경기도 광주시 곤지암읍 곤지암리 453-12번지,경기도 광주시 곤지암읍 곤지암로 82,12804,37.3485622650,127.3376394628
공립,곡란중학교,031-463-8225,경기도 군포시 산본동 1083번지,경기도 군포시 곡란로 95,15802,37.3722416114,126.9300144551
공립,구갈중학교,031-283-8345,경기도 용인시 기흥구 신갈동 163번지,경기도 용인시 기흥구 산양로 12,16962,37.2848300293,127.1086674258
공립,대지중학교,031-8067-2100,경기도 용인시 수지구 죽전동 313-1번지,경기도 용인시 수지구 대지로51번길 22,16872,37.3310785682,127.1163744451
공립,여주여자중학교,031-880-8380,경기도 여주시 상동 144-5번지,경기도 여주시 청심로 221,12620,37.2954911739,127.6462926202
공립,백학중학교,031-835-5039,경기도 연천군 백학면 두일리 568-2번지,경기도 연천군 백학면 두일로 79,11048,38.0267036934,126.9083576900
공립,응곡중학교,031-317-7306,경기도 시흥시 장곡동 386-7번지,경기도 시흥시 장곡로54번길 14,15002,37.3807817084,126.7833021172
공립,도촌중학교,031-755-2703,경기도 성남시 중원구 도촌동 637번지,경기도 성남시 중원구 도촌북로 50,13420,37.4166463467,127.1542710026
공립,수원원일중학교,031-218-0100,경기도 수원시 영통구 매탄동 1229-10번지,경기도 수원시 영통구 삼성로213번길 122,16674,37.2653357988,127.0534599978
공립,만정중학교,031-678-9701,경기도 안성시 공도읍 만정리 779-1번지,경기도 안성시 공도읍 송원길 21-6,17550,37.0085606688,127.1729658111
공립,마장중학교,031-632-5723,경기도 이천시 마장면 오천리 71번지,경기도 이천시 마장면 오천로 130,17387,37.2471364555,127.3581758870
공립,설봉중학교,031-645-9846,경기도 이천시 창전동 501-2번지,경기도 이천시 향교로 117,17358,37.2848269008,127.4513216714
공립,신봉중학교,031-8019-0100,경기도 용인시 수지구 신봉동 981번지,경기도 용인시 수지구 신봉3로 43,16808,37.3273561165,127.0643806913
공립,산내중학교,031-961-1605,경기도 파주시 목동동 1080번지,경기도 파주시 산내로 15,10900,37.7230786488,126.7407330403
공립,낙원중학교,070-4288-4670,경기도 성남시 분당구 판교동 518번지,경기도 성남시 분당구 서판교로132번길 11,13474,37.3991828265,127.0961765502
공립,와부중학교,031-579-6299,경기도 남양주시 와부읍 덕소리 75-4번지,경기도 남양주시 와부읍 월문천로 65,12212,37.5870333428,127.2198130518
공립,진건중학교,031-573-6152,경기도 남양주시 진건읍 사능리 634-8번지,경기도 남양주시 진건읍 진건오남로 39,12140,37.6542940107,127.1783058417
공립,덕계중학교,031-864-0684,경기도 양주시 덕계동 406-2번지,경기도 양주시 평화로1416번길 66-13,11444,37.8167714622,127.0502386058
공립,율면중학교,031-641-0664,경기도 이천시 율면 고당리 545번지,경기도 이천시 율면 고당로 48,17423,37.0876989350,127.5425097566
공립,장호원중학교,031-641-5686,경기도 이천시 장호원읍 노탑리 717번지,경기도 이천시 장호원읍 샘재로 27-15,17419,37.1264822013,127.6170795854
공립,법원여자중학교,031-958-0789,경기도 파주시 법원읍 가야리 57-1번지,경기도 파주시 법원읍 자운서원로 31,10826,37.8525951123,126.8688420393
사립,율곡중학교,031-958-0834,경기도 파주시 법원읍 법원리 378번지,경기도 파주시 법원읍 사임당로905번길 10,10826,37.8493796240,126.8811338940
공립,양도중학교,031-986-2315,경기도 김포시 풍무동 472-4번지,경기도 김포시 양도로56번길 59-25,10113,37.6047242564,126.7306992451
공립,광교중학교,031-218-3520,경기도 수원시 영통구 이의동 1207번지,경기도 수원시 영통구 웰빙타운로 55,16224,37.3044857147,127.0446414560
공립,장기중학교,031-986-7301,경기도 김포시 장기동 1314번지,경기도 김포시 청송로 5,10082,37.6479278265,126.6648700621
사립,광동중학교,031-570-3200,경기도 남양주시 진접읍 장현리 603-5번지,경기도 남양주시 진접읍 장현로광동1길 10,12015,37.7167569038,127.1751653307
공립,마석중학교,031-595-2456,경기도 남양주시 화도읍 창현리 742번지,경기도 남양주시 화도읍 수레로 1234-38,12185,37.6484870002,127.3047493265
공립,백암중학교,031-326-0010,경기도 용인시 처인구 백암면 근창리 166번지,경기도 용인시 처인구 백암면 백원로 519-9,17177,37.1649578099,127.3685792276
공립,양진중학교,031-8046-7703,경기도 안성시 공도읍 진사리 135-8번지,경기도 안성시 공도읍 진사1길 37,17564,36.9861031214,127.1438348516
공립,보평중학교,031-779-2263,경기도 성남시 분당구 백현동 543번지,경기도 성남시 분당구 동판교로 131,13528,37.3939483583,127.1158735082
공립,성사중학교,031-967-2516,경기도 고양시 덕양구 성사동 549-4번지,경기도 고양시 덕양구 호국로 887,10294,37.6637819317,126.8429719831
공립,궁내중학교,031-389-8000,경기도 군포시 산본동 1149-5번지,경기도 군포시 수리산로 171,15819,37.3638234257,126.9190337199
공립,산본중학교,031-393-7702,경기도 군포시 산본동 1088-2번지,경기도 군포시 산본로432번길 17,15804,37.3695148240,126.9271890693
공립,일산동중학교,031-914-0212,경기도 고양시 일산서구 탄현동 1482번지,경기도 고양시 일산서구 현중로 48,10240,37.6953827782,126.7680569591
공립,정발중학교,031-902-3381,경기도 고양시 일산동구 마두동 811번지,경기도 고양시 일산동구 정발산로 115,10408,37.6594619400,126.7807222054
공립,행신중학교,031-970-2334,경기도 고양시 덕양구 행신동 784번지,경기도 고양시 덕양구 화신로 22,10530,37.6151994645,126.8396039060
공립,지평중학교,031-773-7843,경기도 양평군 지평면 지평리 553번지,경기도 양평군 지평면 지평로 418,12541,37.4744658033,127.6345507559
공립,상품중학교,031-883-0003,경기도 여주시 산북면 상품리 70-1번지,경기도 여주시 산북면 상품1길 28,12603,37.4026514214,127.4399241250
공립,죽산중학교,031-676-4639,경기도 안성시 죽산면 죽산리 318번지,경기도 안성시 죽산면 죽산향교길 52-9,17519,37.0820217811,127.4248766144
공립,관양중학교,031-384-9667,경기도 안양시 동안구 관양동 1407-2번지,경기도 안양시 동안구 관악대로339번길 35,13931,37.4056635312,126.9605515414
공립,대안중학교,031-451-1982,경기도 안양시 동안구 호계동 1228번지,경기도 안양시 동안구 흥안대로249번길 25,14106,37.3779884747,126.9658664615
사립,성문중학교,031-446-6484,경기도 안양시 만안구 안양동 501-28번지,경기도 안양시 만안구 성결대학로64번길 9,14097,37.3798168439,126.9251905283
공립,증포중학교,031-638-2738,경기도 이천시 증포동 476번지,경기도 이천시 애련정로 218,17351,37.2880916252,127.4555389175
공립,동암중학교,031-849-0300,경기도 의정부시 장암동 9-24번지,경기도 의정부시 장곡로226번길 132,11722,37.7215699239,127.0586442927
공립,덕현중학교,031-856-9764,경기도 양주시 고읍동 79-33번지,경기도 양주시 고읍로35번길 21,11481,37.8002703264,127.0800539493
공립,늘푸른중학교,031-725-8801,경기도 성남시 분당구 정자동 178-6번지,경기도 성남시 분당구 정자일로 77,13561,37.3573529955,127.1051294578
공립,영동중학교,031-203-2587,경기도 수원시 영통구 신동 330-1번지,경기도 수원시 영통구 영통로 225,16679,37.2479930374,127.0558851316
공립,삼숭중학교,031-840-8160,경기도 양주시 삼숭동 679-1번지,경기도 양주시 삼숭로38번길 136,11486,37.7977818885,127.1086123927
공립,장당중학교,031-6153-500,경기도 평택시 장당동 640번지,경기도 평택시 장당길 40,17740,37.0515388260,127.0630831011
공립,평내중학교,031-594-6473,경기도 남양주시 평내동 591번지,경기도 남양주시 경춘로1286번길 23,12218,37.6480426113,127.2381975248
공립,조원중학교,031-242-0668,경기도 수원시 장안구 조원동 40번지,경기도 수원시 장안구 수일로233번길 35,16293,37.3076384099,127.0168174326
공립,세류중학교,031-898-9911,경기도 수원시 권선구 세류동 207번지,경기도 수원시 권선구 덕영대로1031번길 6,16594,37.2576070097,127.0070555248
공립,비전중학교,031-615-2410,경기도 평택시 비전동 332-1번지,경기도 평택시 평남로 972,17847,37.0072468039,127.1027889952
공립,석호중학교,031-364-1400,경기도 안산시 상록구 사동 541-1번지,경기도 안산시 상록구 석호공원로4길 8,15582,37.2997401436,126.8522449887
공립,광덕중학교,031-362-7373,경기도 안산시 상록구 월피동 274번지,경기도 안산시 상록구 광덕산3로 15,15257,37.3374831095,126.8460959380
공립,대흥중학교,070-7097-0916,경기도 시흥시 대야동 377-70번지,경기도 시흥시 서해안로 1587,14902,37.4474058224,126.7840462570
공립,반월중학교,031-487-2102,경기도 안산시 상록구 팔곡일동 253-1번지,경기도 안산시 상록구 남산평길 25,15521,37.3045942436,126.8992687867
공립,별망중학교,031-482-3263,경기도 안산시 단원구 초지동 739-2번지,경기도 안산시 단원구 초지1로 35,15452,37.3044919215,126.8125637948
공립,본오중학교,031-400-8666,경기도 안산시 상록구 본오동 861번지,경기도 안산시 상록구 본오로 90,15555,37.2931331802,126.8672731836
공립,상록중학교,031-487-7623,경기도 안산시 상록구 본오동 1122번지,경기도 안산시 상록구 각골로4길 29,15535,37.3001310501,126.8695502077
공립,선부중학교,031-487-7614,경기도 안산시 단원구 선부동 1138번지,경기도 안산시 단원구 달미로 95,15212,37.3448163564,126.8151317346
공립,성안중학교,031-362-4288,경기도 안산시 상록구 사동 1538번지,경기도 안산시 상록구 석호로 81,15503,37.3040266136,126.8482137338
사립,한국글로벌중학교,02-2617-5384,경기도 시흥시 과림동 11-1번지,경기도 시흥시 금오로 640,14927,37.4585139183,126.8323570174
공립,성포중학교,031-8063-1600,경기도 안산시 상록구 월피동 459번지,경기도 안산시 상록구 월피로 73,15281,37.3355379609,126.8513394134
공립,송운중학교,031-506-1230,경기도 시흥시 정왕동 1875-4번지,경기도 시흥시 옥구천동로 433-11,15028,37.3594270177,126.7314147859
공립,송호중학교,031-414-2349,경기도 안산시 단원구 고잔동 765-1번지,경기도 안산시 단원구 광덕3로 240,15467,37.3113243960,126.8394726051
공립,시곡중학교,031-363-8140,경기도 안산시 상록구 사동 1342-1번지,경기도 안산시 상록구 감골로 123,15620,37.2926946888,126.8561639061
공립,시흥중학교,031-503-2008,경기도 시흥시 정왕동 1870-4번지,경기도 시흥시 옥구천동로374번길 39,15032,37.3529491113,126.7318647360
공립,신천중학교,070-7097-0415,경기도 시흥시 신천동 207-1번지,경기도 시흥시 포도원로 88-1,14953,37.4342547191,126.7825099553
공립,송우중학교,031-541-4536,경기도 포천시 소흘읍 송우리 725-2번지,경기도 포천시 소흘읍 송선로 18,11173,37.8356246247,127.1444947920
사립,한겨레중학교,031-8046-0110,경기도 안성시 죽산면 칠장리 10-1번지,경기도 안성시 죽산면 칠장로 107-9,17524,37.0306205994,127.4226898157
공립,당정중학교,031-459-7614,경기도 군포시 당정동 566번지,경기도 군포시 이당로 152,15854,37.3487156436,126.9587914627
공립,동백중학교,031-8006-7001,경기도 용인시 기흥구 동백동 578번지,경기도 용인시 기흥구 동백중앙로 385,16999,37.2855893396,127.1588876087
공립,용인백현중학교,031-693-8011,경기도 용인시 기흥구 동백7로 107번길,,,,
공립,송내중앙중학교,031-859-6315~8,경기도 동두천시 송내동 665번지,경기도 동두천시 중앙로 78,11351,37.8883528934,127.0525329470
공립,광주광남중학교,031-798-6771,경기도 광주시 태전동 131-6번지,경기도 광주시 벼루개길42번길 50,12789,37.3805051718,127.2363178427
공립,도곡중학교,031-686-8565,경기도 평택시 포승읍 도곡리 1112번지,경기도 평택시 포승읍 여술로 58,17954,36.9892683743,126.8488079462
공립,세종중학교,031-884-6175,경기도 여주시 교동 121-11번지,경기도 여주시 세종로 204-17,12650,37.2795252058,127.6328718845
공립,신평중학교,"031-796-2195,2182",경기도 하남시 신장동 214-3번지,경기도 하남시 신장동로 57,12948,37.5440433686,127.2142120888
공립,월곶중학교,070-7158-9000,경기도 시흥시 월곶동 1010-2번지,경기도 시흥시 월곶해안로 63,14965,37.3926575044,126.7379442331
공립,이충중학교,031-615-3700,경기도 평택시 이충동 675번지,경기도 평택시 이충로35번길 5,17736,37.0595199870,127.0689761045
공립,판곡중학교,031-593-8436,경기도 남양주시 호평동 456-3번지,경기도 남양주시 늘을1로 115,12142,37.6627966235,127.2418646201
공립,서정중학교,031-970-1691,경기도 고양시 덕양구 행신동 1070번지,경기도 고양시 덕양구 서정마을로 22,10491,37.6184286970,126.8497847706

